Age (Ma),GMST_degC
5.0,4.75664731939894
4.999,4.804723458434387
4.998,4.812464347314866
4.997,4.924715537286331
4.996,4.798672140951265
4.995,4.763285901954995
4.994,4.776026208157652
4.993,4.770468280829159
4.992,4.631052808746976
4.991,4.595081128603885
4.99,4.2956485838007294
4.989,4.31641457937372
4.988,4.304617231821442
4.987,4.288747694974957
4.986,4.272859050271889
4.985,4.267833670825728
4.984,4.26522027562121
4.983,4.264958429187906
4.982,4.2913570163489485
4.981,4.3210408464942525
4.98,4.3306502806784986
4.979,4.304598126800961
4.978,4.075005671486729
4.977,4.348514367069653
4.976,4.3558036587758595
4.975,4.36210276797861
4.974,4.348861174451998
4.973,4.346235906926774
4.972,4.322123499406833
4.971,3.87977414505234
4.97,4.244844321542915
4.969,4.091859065682716
4.968,4.123072846854796
4.967,4.13964619343493
4.966,4.156199209741162
4.965,4.171411629876237
4.964,4.227186836233437
4.963,4.204288369423641
4.962,4.217898309644247
4.961,4.4188110712845905
4.96,4.150499980923774
4.959,4.26052894752261
4.958,4.2742553237664955
4.957,4.081279728603732
4.956,4.07211512939748
4.955,4.0164587991152425
4.954,3.951730834161851
4.953,3.893702638408748
4.952,3.8588678585528906
4.951,4.0783797810998985
4.95,3.7900517157431337
4.949,3.7653558418990922
4.948,3.7720735999719337
4.947,3.7794663052910322
4.946,3.781370937952107
4.945,3.3999773859195996
4.944,3.754851442769365
4.943,3.751092993701703
4.942,3.789255642542636
4.941,3.829339192966718
4.94,3.809271615312955
4.939,3.9212998059390145
4.938,3.934142310288507
4.937,3.9411485466705907
4.936,3.9430239857791016
4.935,4.044615437606975
4.934,3.6572192766426954
4.933,3.91988481087119
4.932,3.881182029153557
4.931,3.863909448287615
4.93,3.8976359759371215
4.929,3.8983112017194954
4.928,3.5108883500291053
4.927,3.942033554697424
4.926,3.946594686974203
4.925,3.9986823979740675
4.924,3.802063731673363
4.923,3.8362878598407413
4.922,3.796472618254154
4.921,3.724153654000837
4.92,3.5747712470652484
4.919,3.6143482562883165
4.918,3.211237198860926
4.917,3.511057975053636
4.916,3.4596077639885365
4.915,3.398222706574801
4.914,3.37955992164511
4.913,3.404178999197609
4.912,3.364134672383874
4.911,3.426304368741941
4.91,3.4699190262751585
4.909,3.476205232331422
4.908,3.415780944302608
4.907,3.5376288806320795
4.906,3.561408353697846
4.905,3.556179316794934
4.904,3.5387064049238464
4.903,3.437063400467976
4.902,3.4005684272235226
4.901,3.3747647556234908
4.9,3.3001033714781496
4.899,3.35771344078869
4.898,3.345583156326281
4.897,3.3315851264144007
4.896,3.4831990202727847
4.895,3.4247965745445765
4.894,3.3661646794262325
4.893,3.406823485793118
4.892,3.629897240748308
4.891,3.7266810619666657
4.89,3.896653724027244
4.889,3.994793588270486
4.888,4.066577495723522
4.887,4.137210021114991
4.886,4.153844082125873
4.885,4.158543898573215
4.884,3.6846134393132424
4.883,4.101198020287393
4.882,4.038869008634617
4.881,3.9619080849436483
4.88,3.8912361612537607
4.879,3.9138430621440152
4.878,3.842525556504901
4.877,3.8157336857385538
4.876,3.7929929003291343
4.875,3.8042720078469485
4.874,3.7345105275792587
4.873,3.717050439765256
4.872,3.670198910466833
4.871,3.599012805162084
4.87,3.3239558023222773
4.869,3.7715378154044013
4.868,3.7615340628636678
4.867,3.8021212440431826
4.866,3.564582194055669
4.865,3.632845583141647
4.864,3.93600068668191
4.863,3.658700443613843
4.862,3.544047370974939
4.861,3.5324849155512705
4.86,3.4411017404087643
4.859,3.4279953558040246
4.858,3.412801803849617
4.857,3.4957821121298993
4.856,3.3860827835286185
4.855,3.3951468974642824
4.854,3.4042055313295645
4.853,3.403632538662787
4.852,3.410535659625325
4.851,3.8689550247356386
4.85,3.4243189312195907
4.849,3.4225853532300454
4.848,3.4216398457499873
4.847,3.4786799925103513
4.846,3.543886852479293
4.845,3.6087169027681676
4.844,3.6647562405770193
4.843,3.6812497063900933
4.842,3.7477219825439834
4.841,3.7314475753960017
4.84,3.753470354500394
4.839,3.7282583357354073
4.838,3.6711270389955346
4.837,3.6137686655890757
4.836,3.5786951336019115
4.835,3.5518254542743035
4.834,3.4342053493771756
4.833,3.4633897742221964
4.832,3.379571188800147
4.831,3.4845159632443754
4.83,3.206026063716919
4.829,3.347825196083214
4.828,3.3165440790348018
4.827,3.351506418704155
4.826,3.4496087746165203
4.825,3.4917176201841706
4.824,3.5687230823570655
4.823,3.4443959844165444
4.822,3.479759932291027
4.821,3.4089726525090294
4.82,3.3423669629873465
4.819,3.5028539997916317
4.818,3.572875570756571
4.817,3.7250948667495165
4.816,3.6674087306516503
4.815,3.873051273127947
4.814,3.7209185323952934
4.813,3.739256088520173
4.812,3.764593359121645
4.811,3.7848686178531956
4.81,3.809247074821791
4.809,3.825240828766262
4.808,3.249615431243467
4.807,3.2838476069331213
4.806,3.2700236122693482
4.805,3.8091957960827973
4.804,3.2423379512522015
4.803,2.7994046662648886
4.802,2.9072760905030277
4.801,2.942756981270679
4.8,2.3759668442453847
4.799,3.2664341032517243
4.798,3.1573458117915916
4.797,3.2719015532158187
4.796,3.300998047456039
4.795,3.310664073138597
4.794,3.2952469370516613
4.793,3.2770042162822954
4.792,3.2540466468911626
4.791,3.220645528252287
4.79,3.309618560798095
4.789,3.2803994567206085
4.788,3.2887784671932296
4.787,3.267953993827215
4.786,3.2092407546860717
4.785,3.155784788505583
4.784,3.102995690447238
4.783,3.050026973533493
4.782,2.9949281456570676
4.781,3.055045771156425
4.78,3.5062229237916314
4.779,3.1887332856076913
4.778,3.2817819489102256
4.777,3.2613000886198678
4.776,3.5086054829623343
4.775,3.5404985953695967
4.774,3.572322626609217
4.773,3.607025553091023
4.772,3.639137016813153
4.771,3.6750341777275946
4.77,3.7163535978091966
4.769,3.746927928568116
4.768,3.7527056634428746
4.767,3.644259743157844
4.766,3.568916207285793
4.765,3.4838701941931927
4.764,3.3891053328352676
4.763,3.2768525062641736
4.762,3.163658037532248
4.761,3.034787115065887
4.76,2.926900718289019
4.759,2.854879031943269
4.758,2.8094442078731485
4.757,3.7603270197354375
4.756,3.0872429145841926
4.755,3.2103527893079855
4.754,3.3674066294053393
4.753,3.40237377130767
4.752,3.450403069829316
4.751,3.4758731865916874
4.75,3.73237387953775
4.749,3.899561954614517
4.748,4.044738010409331
4.747,3.988455201732066
4.746,3.9082787027536656
4.745,3.830919786419201
4.744,3.7531344513958578
4.743,3.7058507728620436
4.742,3.892893759247265
4.741,3.6313366555546107
4.74,3.752742644635614
4.739,4.193918786974516
4.738,3.7126144710544735
4.737,3.741040157014198
4.736,3.8023050210521148
4.735,4.092043907907015
4.734,3.924687712547941
4.733,3.9857999038279495
4.732,4.06758004321461
4.731,4.042779047714422
4.73,4.065523565021823
4.729,3.9685429355431925
4.728,3.876170558711126
4.727,3.898151381910814
4.726,3.8092556299613225
4.725,3.7952558257007913
4.724,3.7604444925996026
4.723,3.674090626610946
4.722,3.578174986072681
4.721,3.563306851570762
4.72,3.534153489385245
4.719,3.3585360065481376
4.718,3.346428913783601
4.717,3.3751507137119954
4.716,3.4038177068251594
4.715,3.62547923929977
4.714,3.615202220036641
4.713,3.6246370446065654
4.712,3.886126632367616
4.711,3.6401360710259167
4.71,3.6689316186898226
4.709,3.632466513383186
4.708,3.5959095268229557
4.707,3.559260660107784
4.706,3.515941761290252
4.705,3.5255353643851985
4.704,3.4681701758545476
4.703,3.4497112664833987
4.702,3.500446133434166
4.701,3.337324047935833
4.7,3.267499024214994
4.699,3.250704117616457
4.698,2.9229196167111864
4.697,3.2652119807367246
4.696,3.3721071410630077
4.695,3.489304397840192
4.694,3.5946159641248947
4.693,3.6954159775215
4.692,3.765044240829488
4.691,3.895744433598108
4.69,4.337982419082683
4.689,4.070431090118209
4.688,4.100006537873837
4.687,3.9626084889209414
4.686,3.8727859286059294
4.685,3.7823845050084604
4.684,3.691404219949232
4.683,3.6125225834342505
4.682,3.609160040748239
4.681,3.584227458555699
4.68,3.559252240326286
4.679,3.5618767572713605
4.678,3.564500804112687
4.677,3.8295113108317724
4.676,3.6573035319455016
4.675,3.710530883738869
4.674,4.137683250501696
4.673,3.787564781320692
4.672,3.7904851454196473
4.671,3.807096666335292
4.67,3.8450409994168773
4.669,3.681126971370865
4.668,3.60647948001973
4.667,3.4994015312716895
4.666,3.4412096307274656
4.665,3.4184703481728507
4.664,3.434123008163412
4.663,3.455397109131176
4.662,3.526354115066341
4.661,3.2311514573058577
4.66,3.6558299649049015
4.659,3.710857075548039
4.658,3.702847253730714
4.657,3.872173398965828
4.656,3.9012406482919895
4.655,3.956275858073708
4.654,4.042411313002375
4.653,3.970731948341661
4.652,4.009958871101422
4.651,3.985896917104286
4.65,4.010367540891913
4.649,4.022709299973123
4.648,3.950587675964362
4.647,4.558150462417089
4.646,4.013147836796522
4.645,4.040812793300561
4.644,3.9831919197579104
4.643,4.0291261957463735
4.642,4.074907143454765
4.641,3.957659994819072
4.64,3.8780356685138098
4.639,3.9965788002435074
4.638,4.017843547337073
4.637,4.039075431509227
4.636,4.054557059922966
4.635,4.087945761316349
4.634,4.105672755648107
4.633,4.1233766102107845
4.632,4.095578002818023
4.631,4.017907581060809
4.63,3.995485995040946
4.629,3.5894618947379775
4.628,3.81883069385716
4.627,3.733443004262437
4.626,3.6475426181916544
4.625,3.791033135063488
4.624,4.055809137358209
4.623,3.3620604257717157
4.622,3.232262257804977
4.621,3.3234533457644813
4.62,3.1816275918628194
4.619,3.2420468115092143
4.618,3.305520682881989
4.617,3.341857921527626
4.616,3.384207400841381
4.615,3.399668911454028
4.614,3.732162362447033
4.613,3.636490051363889
4.612,3.656914221584082
4.611,3.699934979291381
4.61,3.74212861862217
4.609,3.771351456503329
4.608,3.8045224183396558
4.607,3.8482763876181907
4.606,4.056845160296733
4.605,4.0344832810341735
4.604,3.978969470622748
4.603,3.9753445216530743
4.602,4.127120645517826
4.601,3.5596360747416123
4.6,3.3628920212686157
4.599,3.4388750734571927
4.598,3.385922619829822
4.597,3.4428767705065195
4.596,3.499613867122406
4.595,3.7073002785755516
4.594,3.7796113755294387
4.593,3.568986495571594
4.592,3.909724842265734
4.591,3.9844611533700682
4.59,3.918633711974103
4.589,3.798752846444594
4.588,3.9127827644094633
4.587,4.009452631017333
4.586,4.112344574744681
4.585,4.122261296085368
4.584,4.161626451326538
4.583,4.154608172289995
4.582,4.109663123780189
4.581,4.064568541361111
4.58,3.9275441612500037
4.579,4.497247505635625
4.578,3.9364104739536763
4.577,3.951675185379322
4.576,3.8419233315218237
4.575,3.979894890531132
4.574,4.20835806857712
4.573,3.99794922673526
4.572,3.9959272519483955
4.571,4.014150064648008
4.57,4.0094218758980755
4.569,4.012464333212102
4.568,4.055098504319293
4.567,4.043914404505331
4.566,4.053067608378174
4.565,3.742189903775878
4.564,3.8828306826570382
4.563,3.71109779408708
4.562,3.902197135402548
4.561,3.991477282786275
4.56,3.8242154466165243
4.559,3.8654519469047006
4.558,3.951087457467447
4.557,4.238182356506587
4.556,4.004492614208566
4.555,4.0057395826976965
4.554,4.003119667498228
4.553,3.9826659391484
4.552,3.952827600301386
4.551,3.9222168425604047
4.55,3.872187651355151
4.549,3.8110282244986564
4.548,3.7545197858494985
4.547,3.763765112138569
4.546,3.6491054477164533
4.545,3.544909085329677
4.544,3.5861440506307116
4.543,3.4907709880297784
4.542,3.4356530434757038
4.541,3.399014562336455
4.54,3.3294709048344564
4.539,3.0943859351545058
4.538,3.0902428779168827
4.537,2.993017069855494
4.536,2.9773502376536776
4.535,2.924029451211312
4.534,3.6326202693211656
4.533,2.8425305417530033
4.532,2.7930166448085405
4.531,2.847099078453515
4.53,2.8338701238831985
4.529,2.9084083850917484
4.528,2.907100231417446
4.527,3.0542028322358767
4.526,3.075358618051959
4.525,3.0839573121654813
4.524,3.0925512709690013
4.523,3.0404349900744987
4.522,2.9659930091055977
4.521,3.1403706536125906
4.52,3.144621796626427
4.519,3.1385743431873956
4.518,3.1279717881485185
4.517,3.1289057486331635
4.516,3.146407539197371
4.515,2.8556723195889915
4.514,3.204111935861908
4.513,3.244522886074587
4.512,3.975985403278396
4.511,3.2456044660118426
4.51,3.475593547309234
4.509,3.678402746759671
4.508,4.18902535141317
4.507,3.4327732811331866
4.506,3.418849949221262
4.505,3.407823574956506
4.504,3.396789066407899
4.503,3.4150248397409766
4.502,3.4332383865889846
4.501,3.347265066795251
4.5,3.429366150745658
4.499,3.4282354881730672
4.498,3.4687122840700337
4.497,3.5306187488885987
4.496,3.592265811490222
4.495,3.6422372777379945
4.494,3.6691283605929925
4.493,3.296265136180124
4.492,3.7182111133014204
4.491,3.65965443158516
4.49,3.7831220955659495
4.489,3.8246684848688517
4.488,3.8294332713306423
4.487,3.8667889077065594
4.486,3.88817392854745
4.485,3.9095263256891197
4.484,3.9459426326078773
4.483,3.9876095032927292
4.482,3.9966561209695186
4.481,4.070566908883916
4.48,4.015946934872217
4.479,4.207749889889182
4.478,4.140990300455534
4.477,4.149779445983721
4.476,4.163786861311955
4.475,4.142333063600756
4.474,4.055685264714145
4.473,3.969367082411811
4.472,3.8957487686406704
4.471,3.85146700322328
4.47,3.4857932552043023
4.469,3.9539301475924367
4.468,3.3940134010173715
4.467,3.3705603996894844
4.466,3.3470707503610586
4.465,3.3113883187085715
4.464,3.2161355080488296
4.463,3.1488257177921204
4.462,3.083251999018353
4.461,3.0930991773020593
4.46,3.0649553947855193
4.459,3.1262544760205855
4.458,3.2849831643312353
4.457,3.431950784835
4.456,3.5774838063709233
4.455,3.5830899174942052
4.454,3.5886938778716653
4.453,3.595301776596213
4.452,3.550616472625207
4.451,3.6016803295036075
4.45,3.5252626426383973
4.449,3.7503630630301
4.448,3.7271703788193564
4.447,3.777679123919638
4.446,4.29021337069285
4.445,3.775877777833102
4.444,3.764429682181003
4.443,3.60159389092779
4.442,3.7527432768746642
4.441,3.7601917484929346
4.44,3.6454840692986323
4.439,3.71935808377546
4.438,3.6790216752711893
4.437,3.704943380461451
4.436,3.7308183892266014
4.435,3.737613683306048
4.434,3.6821554101636167
4.433,3.727595888278979
4.432,3.722584361374377
4.431,3.5842673022826106
4.43,3.733607093255233
4.429,3.722515580506646
4.428,3.7114154752275956
4.427,3.615030974182452
4.426,3.5840630355463388
4.425,4.02007028381282
4.424,3.827477665364959
4.423,3.5100366709427577
4.422,3.4879026788397938
4.421,3.481819824095542
4.42,3.542688570765303
4.419,3.3985331678380004
4.418,3.385101383479084
4.417,3.356116230378961
4.416,3.348512140607178
4.415,3.3436797882883216
4.414,3.3381737403080867
4.413,3.353666972106321
4.412,3.3691442877627953
4.411,3.620641205020112
4.41,3.366866578110799
4.409,3.423666504974021
4.408,3.458060309361042
4.407,3.296474829503924
4.406,3.366149101354518
4.405,3.4225189764319617
4.404,3.614178534049067
4.403,3.518229254364889
4.402,3.603295585318127
4.401,4.205600768951242
4.4,3.8438196323845206
4.399,3.8766975492577505
4.398,3.8812117551244922
4.397,3.892346564866963
4.396,3.9487002923399754
4.395,4.00606824505824
4.394,4.016487116078245
4.393,3.8882081963323856
4.392,4.177307671149311
4.391,4.195721198580038
4.39,4.070119132918874
4.389,4.088636272045151
4.388,4.104385217095782
4.387,4.109928549678663
4.386,4.087837444509352
4.385,4.092178582200351
4.384,4.09385023488096
4.383,4.090346116462049
4.382,4.110952039896997
4.381,4.10504646940099
4.38,4.035258036019383
4.379,3.745459010767616
4.378,3.7133110336781368
4.377,3.6702652152659674
4.376,3.666041328087064
4.375,3.683289842212228
4.374,3.8398346040727223
4.373,3.7783645437802624
4.372,3.720412422488486
4.371,3.6854149117385546
4.37,3.7076307435641858
4.369,3.7056207042221514
4.368,3.7078999253437197
4.367,3.7154240797912275
4.366,3.761133727107522
4.365,3.6689624673099375
4.364,3.766429429554492
4.363,3.775006518993868
4.362,3.7390792717783956
4.361,3.7053359201409597
4.36,3.7033118314574844
4.359,3.8836433022767247
4.358,3.807747420710869
4.357,3.7314424916309465
4.356,4.07649941997422
4.355,3.6896438587949802
4.354,3.7375492654117877
4.353,3.785294704796001
4.352,3.7079023686724324
4.351,3.668586894135448
4.35,3.621544112238956
4.349,3.5663395741145316
4.348,3.5247785471446615
4.347,3.483099873050297
4.346,3.4648080733223345
4.345,3.4649227686972464
4.344,3.155545985841174
4.343,3.5094634756729772
4.342,3.5675668344043787
4.341,3.5768352999986357
4.34,3.501950229371128
4.339,3.7329025751173175
4.338,3.3637303198836594
4.337,3.654755978543013
4.336,3.6720853282994055
4.335,3.7663583101468574
4.334,3.671711338013125
4.333,3.9228299868760113
4.332,3.6433587221364654
4.331,3.62629600547668
4.33,3.6116614397379756
4.329,3.593246258063032
4.328,3.647695715522859
4.327,3.7106179276551594
4.326,3.7193573183921163
4.325,3.7280913854276343
4.324,3.7178964638322114
4.323,3.7076942866875497
4.322,3.6974848551667794
4.321,3.9379509256813003
4.32,4.006147661428443
4.319,4.121566873142659
4.318,4.024257556166465
4.317,3.9836853023531527
4.316,3.865190622201032
4.315,4.040418011790756
4.314,3.964260972877417
4.313,4.01255687439442
4.312,4.185513501913778
4.311,4.24962722838403
4.31,4.260692155995401
4.309,4.245250961557292
4.308,4.21586270196407
4.307,4.186887070604741
4.306,4.157848645892029
4.305,4.128747427093377
4.304,4.1636819907606535
4.303,4.198526026067476
4.302,4.263993742741904
4.301,3.966876658167277
4.3,4.419090386777807
4.299,4.158702588058658
4.298,4.367717537983365
4.297,4.320421653125667
4.296,4.272954819639069
4.295,4.063689884962348
4.294,4.181091635153613
4.293,4.052374072682608
4.292,4.0526963871263835
4.291,4.055421128877385
4.29,4.3061827411557445
4.289,4.077129303940702
4.288,4.096086855251435
4.287,4.085288001752305
4.286,4.068756315499578
4.285,4.167650535634744
4.284,4.19263032142503
4.283,4.348092206659569
4.282,4.372929727340192
4.281,4.367501758376268
4.28,4.361638325034663
4.279,4.132326369956636
4.278,4.179265737592579
4.277,4.135949080230915
4.276,4.0924930030945905
4.275,4.055697141023978
4.274,4.022282767295199
4.273,4.027052945862586
4.272,4.031821466422732
4.271,4.090533807338646
4.27,4.132212182618002
4.269,4.162409877640405
4.268,4.165582186738038
4.267,4.188575209494258
4.266,4.261220109040356
4.265,4.171133117971808
4.264,4.081551193648489
4.263,3.986958185586893
4.262,3.8917122761952707
4.261,3.940825120627477
4.26,3.937102806101337
4.259,4.014087166926353
4.258,4.049328630940472
4.257,4.30343337889206
4.256,4.05161052734026
4.255,3.8595034224539733
4.254,3.6997664679871836
4.253,3.8786161168653983
4.252,3.897140762234866
4.251,3.91564089128795
4.25,4.002602327977269
4.249,3.9653069801560425
4.248,3.9953489209483832
4.247,4.015739187850136
4.246,4.036099244486102
4.245,3.921672082444234
4.244,4.08544050627578
4.243,4.198361949601421
4.242,4.148181676666883
4.241,4.1542539296508885
4.24,4.17567600225956
4.239,4.1297363734233725
4.238,4.0859355874688825
4.237,4.159224678958701
4.236,3.9569089709412726
4.235,3.9870694539710625
4.234,4.201322797449016
4.233,4.201764631947158
4.232,4.2022064518444715
4.231,4.218717442439852
4.23,4.21274292799578
4.229,4.254359907976825
4.228,4.042729707164967
4.227,4.0498878059565016
4.226,4.057042159467545
4.225,4.0946874572234595
4.224,4.07921963367316
4.223,4.063734216797721
4.222,3.835668846086934
4.221,3.819695800615713
4.22,3.785763026538496
4.219,3.756818915979644
4.218,3.733953535435613
4.217,3.8320876330026143
4.216,3.818170657785865
4.215,3.8230071443394684
4.214,3.8854922155293785
4.213,3.6312489264676096
4.212,3.6162739374260613
4.211,3.6115910379714276
4.21,3.6851639391211926
4.209,3.6071394884473027
4.208,3.817357938432889
4.207,3.5113118722066563
4.206,3.535021882714906
4.205,3.86507966549603
4.204,3.4780776992878457
4.203,3.5005424678128025
4.202,3.560929829942113
4.201,3.599533020114247
4.2,3.768001358568349
4.199,3.1914565174355594
4.198,3.2152462049243637
4.197,3.245927663265897
4.196,3.30711079554929
4.195,3.3599140193182286
4.194,3.471869878429419
4.193,3.6249213133321607
4.192,3.750257438545441
4.191,3.8669306417441347
4.19,3.9697063011199782
4.189,4.057177081626594
4.188,4.1440912692862435
4.187,4.219376212050956
4.186,4.262159486309126
4.185,4.275352574447512
4.184,4.272560831962447
4.183,4.213842852845295
4.182,4.154865385664958
4.181,4.111009770738134
4.18,4.067011767067139
4.179,3.9321459084240633
4.178,3.652279208479485
4.177,3.994465499252894
4.176,4.129693191572324
4.175,4.0254127327876175
4.174,4.235272426246772
4.173,4.239171071788387
4.172,4.397723467116186
4.171,4.268452190833477
4.17,4.234230147529899
4.169,4.145592684321553
4.168,4.0522435590100985
4.167,3.9488712719216217
4.166,3.953801597250401
4.165,3.6596987517069257
4.164,3.6727351846018084
4.163,3.6856499367494524
4.162,3.700426662448248
4.161,3.661190359967039
4.16,3.9138381350122837
4.159,3.890719393183707
4.158,3.8310725763140767
4.157,3.841291247854095
4.156,3.814247557687178
4.155,3.9837535020239185
4.154,3.986693297622815
4.153,3.9811800126270347
4.152,3.978929262879382
4.151,3.989991947582758
4.15,3.9913935176507547
4.149,3.990406105199053
4.148,3.995660374765338
4.147,3.9777535957924313
4.146,3.947077160266934
4.145,3.918159954019513
4.144,3.89015903484609
4.143,4.0052872089427165
4.142,3.8380320808945356
4.141,3.8240746790342928
4.14,3.737400930807313
4.139,3.911302185788644
4.138,3.8719460873568066
4.137,3.9218344986337956
4.136,3.9060030938641397
4.135,3.8877129436652287
4.134,3.8272601766157397
4.133,3.8235540788215743
4.132,3.932516173842265
4.131,3.836161813097924
4.13,3.5937593221534283
4.129,3.566042344488752
4.128,3.5207922213257885
4.127,3.5217024079244466
4.126,3.5089314870972217
4.125,3.664713624455708
4.124,3.649904450293702
4.123,3.612403901014055
4.122,3.5748064401293007
4.121,3.5659454309745726
4.12,3.640550228559389
4.119,3.158772163290185
4.118,3.297875577202165
4.117,3.3315539839457142
4.116,3.788519951690618
4.115,3.898210493710316
4.114,4.009298222625647
4.113,4.045913929723202
4.112,4.110795354709931
4.111,4.004588795689628
4.11,3.8185487469588413
4.109,3.8786705161450064
4.108,3.889311011228916
4.107,4.027743199030803
4.106,4.029848831361998
4.105,4.263322607563893
4.104,3.9984956113358336
4.103,3.9764933403643363
4.102,4.153039417802205
4.101,4.082966822508477
4.1,4.03287678539512
4.099,3.9656678060768833
4.098,3.898130905163113
4.097,3.89583956380776
4.096,3.893547846883158
4.095,3.936768411770972
4.094,3.9549142865141644
4.093,3.9728938146444905
4.092,3.9762885964054338
4.091,3.979682543564361
4.09,3.9285376046704794
4.089,3.9541320424405852
4.088,3.913482174464923
4.087,3.9820604413701135
4.086,3.999337265128042
4.085,4.007608761981494
4.084,4.221589026617864
4.083,4.048425286273957
4.082,4.105513823799797
4.081,4.153310254073036
4.08,4.265168450868109
4.079,4.271710957875368
4.078,4.178579346785713
4.077,4.2272502086176384
4.076,3.815226406941577
4.075,4.145820266460559
4.074,4.086491446795932
4.073,4.246233777762796
4.072,4.201747340698562
4.071,4.188118168990374
4.07,4.230043836100889
4.069,4.266248143550157
4.068,4.280478165179615
4.067,4.296934778941519
4.066,4.367745680392191
4.065,4.333744827916843
4.064,4.347272162164227
4.063,4.388038090242395
4.062,4.453958931644041
4.061,4.503933390808954
4.06,4.406657189420384
4.059,4.5626575041362
4.058,4.376604605535808
4.057,4.344223925718078
4.056,4.29136432226226
4.055,4.238292037346968
4.054,4.176820213468983
4.053,4.106424508995566
4.052,4.020895420476507
4.051,3.44134776581268
4.05,3.816091464808286
4.049,3.704824353190608
4.048,3.604868653395784
4.047,3.600338425460031
4.046,3.900780520055934
4.045,3.6083407650608357
4.044,3.7098995756089286
4.043,3.6559474010894744
4.042,3.6650486443253176
4.041,3.7592695364474307
4.04,3.9364158096666833
4.039,3.766605137545501
4.038,3.920592568567957
4.037,3.6879105021689944
4.036,3.984738079074077
4.035,4.0166239102056185
4.034,4.058330885926608
4.033,4.099910877203183
4.032,4.1897734025450974
4.031,4.22622548147901
4.03,4.247988497676103
4.029,4.32433094677059
4.028,4.392013495012615
4.027,4.3826814488035595
4.026,4.721831726095536
4.025,4.700590630477111
4.024,4.743043510510404
4.023,4.6341089913930364
4.022,4.165342439454415
4.021,4.127577178064559
4.02,4.029378716703183
4.019,3.987294256319802
4.018,3.888347799834865
4.017,3.7934175088604434
4.016,3.5796463868070507
4.015,3.857032205559642
4.014,3.7597062688319713
4.013,3.6936752424223713
4.012,3.73977803445187
4.011,3.60179261266691
4.01,3.616532393212619
4.009,3.653086058911688
4.008,3.644972471952202
4.007,3.732069424971097
4.006,3.76831918686268
4.005,3.6465945859463167
4.004,4.21354285805621
4.003,4.029770754813158
4.002,4.455507559600882
4.001,4.014379233894428
4.0,4.127779378624918
3.999,3.9283488564835847
3.998,3.8881397719364257
3.997,3.9219438581663995
3.996,3.8455639214125408
3.995,3.7687674494531014
3.994,3.716975049625887
3.993,3.663711187130855
3.992,3.615269636416121
3.991,3.5389987739434767
3.99,3.4607077322386655
3.989,3.3110443659052904
3.988,3.265150690664346
3.987,3.11845795596302
3.986,3.1216024484363754
3.985,3.033845945715873
3.984,2.6062496307187475
3.983,2.918151810102938
3.982,2.921331350648318
3.981,3.9056687526867657
3.98,3.941858990945672
3.979,3.965459053984496
3.978,3.915918014005099
3.977,3.934892300120769
3.976,3.933227415861081
3.975,3.9385879613020225
3.974,3.6653655695466716
3.973,3.7774655137437776
3.972,4.052382267106216
3.971,4.08048353510626
3.97,4.119329880771532
3.969,4.159978602758911
3.968,4.180162085979332
3.967,4.203664652481978
3.966,4.241257289246191
3.965,4.26934710793259
3.964,4.297377433990073
3.963,4.334613613620797
3.962,4.365531178985068
3.961,4.419561184298212
3.96,4.240048510000013
3.959,4.3866752823029085
3.958,4.416323993138337
3.957,4.409765990141658
3.956,4.345514475759766
3.955,4.328749735255248
3.954,4.332062162612856
3.953,4.345774433146081
3.952,4.337885092751468
3.951,4.007972037236208
3.95,4.262835314129081
3.949,4.553880001794222
3.948,4.55427033999252
3.947,4.551359066094905
3.946,4.560711382912735
3.945,4.519982660989834
3.944,4.523567251178338
3.943,4.504519482990067
3.942,4.491679888081151
3.941,4.480883904962634
3.94,4.485264257332134
3.939,4.531920766952547
3.938,4.578406627478438
3.937,4.56552881725431
3.936,4.519271648247684
3.935,4.497905698017312
3.934,4.305726082362995
3.933,4.295674120750178
3.932,4.296554517565135
3.931,3.9879859527729593
3.93,4.26714068010257
3.929,4.277964144929261
3.928,4.268331580699736
3.927,4.017654385131804
3.926,3.8231206175271217
3.925,3.835232710702976
3.924,3.748487554685048
3.923,3.730352714260114
3.922,3.7055311638923385
3.921,3.6682231660156126
3.92,3.644244394361455
3.919,3.7475409413527525
3.918,4.031392199935275
3.917,3.8654228026805924
3.916,3.9195785491099975
3.915,4.122179093906949
3.914,4.183210936301887
3.913,3.9607981932221086
3.912,3.9793353710127137
3.911,4.031065122487899
3.91,4.011550603534778
3.909,4.066632427923689
3.908,4.098822754034161
3.907,4.135054378407911
3.906,4.152627534693484
3.905,4.1701777924847985
3.904,4.299575095140528
3.903,4.294269676147338
3.902,4.304012579118244
3.901,4.302250278790367
3.9,4.2332903836904014
3.899,4.23739142725367
3.898,4.213335762442011
3.897,4.436041834156518
3.896,4.128836573255291
3.895,4.201517430130683
3.894,4.294720612639178
3.893,4.292107352969027
3.892,4.2945413297111195
3.891,4.464415226915523
3.89,4.503437563025234
3.889,4.483825544482494
3.888,4.469298654727181
3.887,4.42285453637914
3.886,4.381489095682584
3.885,4.3272975726860645
3.884,4.23621740898786
3.883,4.1937601682459045
3.882,4.129635193374278
3.881,4.103586649501107
3.88,4.063095026940101
3.879,4.049999794542852
3.878,3.9584831949725094
3.877,3.9994801917088525
3.876,3.9748526465594383
3.875,3.9331454998315567
3.874,3.9129662550373605
3.873,3.893425130265789
3.872,3.880551445518675
3.871,3.9201312448910546
3.87,3.9750206870910887
3.869,4.021782462257546
3.868,3.908107094379757
3.867,4.146127688670967
3.866,4.1314908275505084
3.865,4.171553286325623
3.864,4.213904268037934
3.863,4.237462177863707
3.862,4.323782397057785
3.861,4.364698877589483
3.86,4.256511968573173
3.859,4.346535650530377
3.858,4.419840491482698
3.857,4.399641287464951
3.856,4.365619020451152
3.855,4.325186996428684
3.854,4.284630016146996
3.853,4.192340895811826
3.852,4.114883246602482
3.851,4.133205978967464
3.85,4.100866788916085
3.849,4.169449519656399
3.848,4.188908920971569
3.847,4.211957003206702
3.846,4.203650863560088
3.845,4.223958107455133
3.844,4.189245436121683
3.843,4.154442573655724
3.842,4.138070309629247
3.841,4.043381743951238
3.84,3.9297590714796975
3.839,3.959543239862556
3.838,3.962411517520116
3.837,4.024001410797942
3.836,3.897724584717115
3.835,3.8957569270096615
3.834,3.877814297398503
3.833,4.05129427324717
3.832,3.8937407250256566
3.831,3.9196805133910786
3.83,3.8779862476660463
3.829,3.8512296979131415
3.828,3.883187647412654
3.827,3.9035239181378403
3.826,3.9174456735160645
3.825,3.8212692897628955
3.824,3.8226440122982432
3.823,3.8694601780716185
3.822,3.9356514545807633
3.821,3.933689356325785
3.82,3.86331952977717
3.819,3.86201060021196
3.818,3.8055933848992063
3.817,3.8755438905188737
3.816,3.7660182912915823
3.815,3.902503194208345
3.814,3.9147448236153606
3.813,4.004941117026375
3.812,3.9254725915510664
3.811,3.892994964834467
3.81,3.782245078157058
3.809,3.8698075670017396
3.808,3.915045627274628
3.807,3.923959625299272
3.806,3.9164254985454114
3.805,3.960406183759512
3.804,3.8532684141659974
3.803,3.8813620639741035
3.802,3.910026501311734
3.801,3.9300703293103196
3.8,3.960375466672939
3.799,3.97546268140655
3.798,4.302298268058547
3.797,4.026849895413364
3.796,3.9908318002396905
3.795,3.974358601999329
3.794,3.9561507740012085
3.793,3.938445433271967
3.792,3.9303692015350906
3.791,3.9249531411955405
3.79,3.8580374723972346
3.789,3.858684256731237
3.788,3.859331011305019
3.787,3.8824000605437368
3.786,3.8949497583621495
3.785,3.8860190143582627
3.784,3.8265905222355943
3.783,3.8327426778642772
3.782,3.8559048501912043
3.781,3.9197848114269234
3.78,3.97879678054578
3.779,4.033502432615059
3.778,4.087491513030354
3.777,4.141267091012067
3.776,4.185649755399014
3.775,4.201584972603279
3.774,4.218639291616911
3.773,4.223223284502831
3.772,4.095922903632015
3.771,4.285023080157125
3.77,4.300666021225752
3.769,4.168902080570547
3.768,4.2191769148381315
3.767,4.222235971174706
3.766,4.222949679692883
3.765,4.2275621232756135
3.764,4.202120181856524
3.763,4.1380312407762805
3.762,4.038116380877858
3.761,4.0413221356626385
3.76,4.0911318564689205
3.759,3.9110157586519807
3.758,3.8968070897288074
3.757,3.919986548238683
3.756,4.033275449620268
3.755,3.911372419169452
3.754,3.89550638304123
3.753,3.8848368511548332
3.752,3.5027496448829862
3.751,3.862738512079833
3.75,3.8020961615968245
3.749,3.97722371590414
3.748,3.9439408700986327
3.747,3.8981323471450082
3.746,3.865703898884559
3.745,4.124698878179386
3.744,3.905405563012871
3.743,3.9139622570777197
3.742,3.9065499426150843
3.741,3.8649355033971355
3.74,3.7212263101787997
3.739,3.7910895746775113
3.738,3.7629278803724904
3.737,3.78066697774184
3.736,3.79536026771582
3.735,3.727445898681941
3.734,3.700569942389286
3.733,3.73461820399279
3.732,3.6069463831770587
3.731,3.7311542096264567
3.73,3.7734311602950235
3.729,3.810357264166501
3.728,3.8439488275591045
3.727,3.8634283103283873
3.726,3.8548812966342845
3.725,4.024636352889221
3.724,3.9023088727448214
3.723,3.8836476335508947
3.722,3.8826239984204034
3.721,3.8598651912607416
3.72,3.632012281893213
3.719,3.750834236638887
3.718,3.6670677182490268
3.717,3.6228774262373813
3.716,3.4562738821332712
3.715,3.4527531198951857
3.714,3.4472702601664817
3.713,3.4481690586434373
3.712,3.5594854821055883
3.711,3.421362561933836
3.71,3.4779478087304296
3.709,3.4067449999034642
3.708,3.4294054830046052
3.707,3.460122001100137
3.706,3.4636209541256444
3.705,3.468751682506038
3.704,3.470597815007295
3.703,3.4826118651566613
3.702,3.294960464666215
3.701,3.5681702158181556
3.7,3.6384094877468556
3.699,3.698749853128011
3.698,3.721236775736511
3.697,3.7530950494343616
3.696,3.792149584853626
3.695,3.868180971822967
3.694,3.836265240678209
3.693,3.9700225055326293
3.692,3.9317377912814124
3.691,3.974670724957768
3.69,3.9857173430064474
3.689,3.982023607672587
3.688,3.9730654126621374
3.687,3.9466282389649794
3.686,3.9837900394721144
3.685,3.985613299942025
3.684,3.9899644580759555
3.683,3.9856989278530452
3.682,3.955502121255723
3.681,3.695458279827414
3.68,3.709909609528891
3.679,3.616412305976124
3.678,3.616566844736486
3.677,3.63334822984375
3.676,3.594301372365383
3.675,3.5222597342690394
3.674,3.4977574817945416
3.673,3.5295345980962125
3.672,3.619966968166289
3.671,3.693373618238321
3.67,3.687253647432329
3.669,4.001643125182769
3.668,3.8018029034261995
3.667,3.626722582684986
3.666,3.842080751489169
3.665,3.8100267648594874
3.664,3.801655406658107
3.663,3.842020471343565
3.662,3.8169181689922627
3.661,3.786305826753007
3.66,3.7618799328528194
3.659,3.3885699759518846
3.658,3.8040248408620156
3.657,3.7903025712425884
3.656,3.7887497839208986
3.655,3.838851295913257
3.654,3.88124607991187
3.653,3.917819609990406
3.652,3.9402990349329334
3.651,3.939350124983716
3.65,3.8494339860215545
3.649,3.8730838470015403
3.648,3.8651104656567514
3.647,3.873065932533203
3.646,3.8832474258278937
3.645,3.7925674458820686
3.644,3.7549182318861356
3.643,3.670228563607682
3.642,3.5618102598865278
3.641,3.5866961028502526
3.64,3.676575688448451
3.639,3.7015406751380486
3.638,3.734986065181669
3.637,3.6837247262348622
3.636,3.6060012627583435
3.635,3.7739358711493822
3.634,3.7596368695874496
3.633,3.7842608695717406
3.632,3.7919523184055244
3.631,3.8022721931955727
3.63,3.8377626009787686
3.629,3.861671318505162
3.628,3.912080802224362
3.627,3.9847338025217454
3.626,4.016497004660703
3.625,3.97631085376618
3.624,3.9232522292367356
3.623,3.8538070694191995
3.622,3.815889305916227
3.621,3.8786407201580673
3.62,3.9735883469083655
3.619,3.919765609892976
3.618,3.8788701833671815
3.617,3.8972744408197704
3.616,3.4551528067923383
3.615,3.8955461362564345
3.614,3.7651642927038727
3.613,4.015728828262196
3.612,3.9776742234269635
3.611,4.021712824124046
3.61,4.040113935587474
3.609,4.052135925306686
3.608,4.056631350680073
3.607,4.069363944871401
3.606,4.108866183059024
3.605,4.118355165563149
3.604,4.100702374216687
3.603,4.005159879280796
3.602,4.011146631433859
3.601,3.983857636491015
3.6,3.8841477138857625
3.599,3.8570408846127973
3.598,3.7535244565579253
3.597,3.6973706536703808
3.596,3.6490634449269006
3.595,3.7627274591156765
3.594,3.7204700484821562
3.593,3.7015442629765998
3.592,3.8057092550019944
3.591,3.737994481246093
3.59,3.742763243829457
3.589,3.714347560373718
3.588,3.590140114825154
3.587,3.4441231696940715
3.586,3.334181385520751
3.585,3.432940499520323
3.584,3.3466783478765314
3.583,3.2212853586001122
3.582,3.164765742197822
3.581,3.16564448012092
3.58,3.188600399550185
3.579,3.213685638844654
3.578,3.247348356988074
3.577,3.288948492199645
3.576,3.3706448943539375
3.575,3.4633243611217512
3.574,3.4942170065719185
3.573,3.489278470070021
3.572,3.549538450972981
3.571,3.530071535475173
3.57,3.4351311652388516
3.569,3.398903407210312
3.568,3.470705249354477
3.567,3.3922406185671847
3.566,3.3050418187859623
3.565,3.3889683197082157
3.564,3.352044729687576
3.563,3.3249197091200133
3.562,3.4141618585818545
3.561,3.330286786260275
3.56,3.3770158491919675
3.559,3.344164036055793
3.558,3.667954429125234
3.557,3.5193086302911882
3.556,3.5527060602484726
3.555,3.464037954070146
3.554,3.5085495120192567
3.553,3.526412898240187
3.552,3.4800125477080535
3.551,3.498742209255424
3.55,3.443980555681261
3.549,3.440315664238511
3.548,3.4543782302180643
3.547,3.436821986455487
3.546,3.4382433415475746
3.545,3.509553264931458
3.544,3.391936749432266
3.543,3.3355117851333227
3.542,3.316697069357858
3.541,3.3035794832127365
3.54,3.2428771625622876
3.539,3.3209160723159856
3.538,3.385229830502365
3.537,3.3369607993712678
3.536,3.529989322062376
3.535,3.486083477252876
3.534,3.51116912204482
3.533,3.529178682057437
3.532,3.594246462692281
3.531,3.6109892500748115
3.53,3.637639372871152
3.529,3.7831494813637407
3.528,3.623867511774925
3.527,3.5624555514126532
3.526,3.6082175361391524
3.525,3.5816300024564294
3.524,3.49015970907019
3.523,3.442326226213685
3.522,3.4247715670636816
3.521,3.4160437090357227
3.52,3.3865555149498143
3.519,3.327837699635164
3.518,3.1930552221205453
3.517,3.2177762513041843
3.516,3.2510955270296007
3.515,3.2534947722347183
3.514,3.245054325564094
3.513,3.2273027324649197
3.512,3.238165113441663
3.511,3.514057675856608
3.51,3.599566352325753
3.509,3.641183546158595
3.508,3.6942324430013715
3.507,3.770311010555105
3.506,3.8236085018039794
3.505,3.8564864316776966
3.504,3.8891007818041756
3.503,3.8977129641480004
3.502,3.9518597782963365
3.501,3.9899694065589513
3.5,3.790566406133138
3.499,3.9763017140990007
3.498,3.9770824654380643
3.497,4.018610004924186
3.496,4.014802862675655
3.495,4.000714255903559
3.494,4.0017504996887485
3.493,4.01755280652751
3.492,4.007854895899737
3.491,4.021622987781105
3.49,3.897865390035653
3.489,3.9064606070071517
3.488,3.8517309495371306
3.487,3.875993040282762
3.486,3.8014114654657734
3.485,3.8030844889033473
3.484,3.806995797204924
3.483,3.800674240934028
3.482,3.78594315546568
3.481,3.803163044733081
3.48,3.8220578808877783
3.479,3.6293207590938183
3.478,3.8049438905777535
3.477,3.7012874823264865
3.476,3.6374129966930266
3.475,3.405881427983053
3.474,3.313003935501429
3.473,3.3170992502388907
3.472,3.2141809978676106
3.471,3.1480620226551266
3.47,3.035229719617235
3.469,3.0554302420179993
3.468,2.994576221942078
3.467,2.684702302277863
3.466,3.00521815273553
3.465,3.036082473942134
3.464,3.1866370828495185
3.463,3.2437024128827945
3.462,3.306601977431535
3.461,3.3466422030565783
3.46,3.4347571468098357
3.459,3.5311646175751994
3.458,3.4467080800055245
3.457,3.4041689061672784
3.456,3.3451273714007224
3.455,3.3112445625587528
3.454,3.3112822108353828
3.453,3.2934260443787804
3.452,3.322195779107426
3.451,3.3364940510769827
3.45,3.3360986351759983
3.449,3.429641424034603
3.448,3.412216801949143
3.447,3.3251212573426585
3.446,3.294356647186391
3.445,3.279986483779002
3.444,3.0849816942343624
3.443,3.185876201131465
3.442,3.260471714755553
3.441,3.25069354831601
3.44,3.49505964722647
3.439,3.376737626880946
3.438,3.27507759680391
3.437,3.264562877176826
3.436,3.222878990043093
3.435,3.1206743495188567
3.434,3.3514006887114203
3.433,3.255074181383114
3.432,3.2362731283623187
3.431,3.008394889233824
3.43,3.0324213059865244
3.429,3.031005744273558
3.428,3.0406143925621665
3.427,3.1166749567909964
3.426,3.1353903768429374
3.425,3.132920213087262
3.424,3.112941454105127
3.423,3.1519381167287404
3.422,3.249097911979427
3.421,3.4074954007951894
3.42,3.253596116836231
3.419,3.3949572459961765
3.418,3.606081031395747
3.417,3.507897941595089
3.416,3.6038016056747146
3.415,3.459529995255249
3.414,3.5174027606452376
3.413,3.5071406694884586
3.412,3.544936203386576
3.411,3.4891075865554035
3.41,3.439175131851595
3.409,3.4228964399179
3.408,3.4362643133594566
3.407,3.398427795896291
3.406,3.364294356694737
3.405,3.179965712114423
3.404,3.0795476140308393
3.403,3.0351358737098106
3.402,3.098533574559614
3.401,3.1791808732445133
3.4,3.153471522811866
3.399,3.077261439052654
3.398,3.0467833649591025
3.397,3.090838389876698
3.396,3.070025231846015
3.395,3.140049747230736
3.394,3.34446921517686
3.393,3.1658570872880674
3.392,3.1749099834185066
3.391,3.213001737732548
3.39,3.2276263856008014
3.389,3.210903341453313
3.388,3.2336493572369016
3.387,3.102298435839293
3.386,3.003099198405823
3.385,3.0254823902879147
3.384,3.016153601412463
3.383,3.0570140888355475
3.382,2.905646815150649
3.381,2.9078554286510303
3.38,3.0231068604466502
3.379,2.8634059924718582
3.378,2.792738940374462
3.377,2.7703918541792056
3.376,2.85369255812041
3.375,2.88444481434028
3.374,2.957233129789849
3.373,3.0071514238045016
3.372,2.893086939231277
3.371,3.0747079226299583
3.37,3.0147674912071656
3.369,3.0861609967718047
3.368,3.1682126771472054
3.367,3.1137889377686925
3.366,3.2595126936897727
3.365,3.5211765221645486
3.364,3.286036279414814
3.363,3.363668123147495
3.362,3.3809974144794035
3.361,3.467683395624212
3.36,3.369216916284803
3.359,3.3667632506249645
3.358,3.3644825656654906
3.357,3.2978148922687054
3.356,3.3958481710691846
3.355,3.2782834011209205
3.354,3.240893484119486
3.353,3.2112182180923132
3.352,3.195434630248484
3.351,2.705229546579675
3.35,2.6428002316107775
3.349,2.630577115909147
3.348,2.631072702631254
3.347,2.535931878585736
3.346,2.5159091394053656
3.345,2.4859841790291406
3.344,2.5248159784198982
3.343,2.5506099639223425
3.342,2.496286571944426
3.341,2.5585050004899936
3.34,2.648842377992629
3.339,2.4694777428069696
3.338,2.553014026053433
3.337,2.563954594068003
3.336,2.5917549018378723
3.335,2.7286144743645258
3.334,2.7483112845256077
3.333,2.6579850184522194
3.332,2.481069382679981
3.331,2.476781668969247
3.33,2.426617594452264
3.329,2.5004301070930937
3.328,2.4866996536652914
3.327,2.5019718844507457
3.326,2.5137221177314153
3.325,2.5120711768718893
3.324,2.5868539069913754
3.323,2.6306137530407163
3.322,2.635270437112088
3.321,2.6857433569377402
3.32,2.755799016515562
3.319,2.5583340627892146
3.318,2.5690812026881042
3.317,2.522017805185704
3.316,2.471836903629618
3.315,2.3925343976329083
3.314,2.344589241439097
3.313,2.1841066301489156
3.312,2.2352397854950743
3.311,1.9232495293044418
3.31,1.8347265463774163
3.309,1.8018702334735563
3.308,1.848977922566849
3.307,1.9339166023056271
3.306,1.9943670741064885
3.305,2.043393846413487
3.304,2.1052479144557723
3.303,1.9831516651171475
3.302,1.8384538957283818
3.301,1.9498673847234094
3.3,1.9271238078246047
3.299,1.8734146558463387
3.298,1.807563801546324
3.297,1.8433528859501038
3.296,1.911024340339938
3.295,1.9124216834220853
3.294,1.86691858839326
3.293,1.7932857753078575
3.292,1.827832398351737
3.291,1.8904093568021076
3.29,1.9220998969717191
3.289,1.966798752032345
3.288,2.0365536327990132
3.287,2.194966512697087
3.286,2.3581578784871478
3.285,2.4352916847356374
3.284,2.495372052660015
3.283,2.645659014127934
3.282,2.7968969305796283
3.281,2.7951934889055825
3.28,3.0557422491857977
3.279,2.8060130034972923
3.278,2.764172706734828
3.277,2.95247010293284
3.276,2.9807858551845
3.275,2.910068858860255
3.274,2.870545632629337
3.273,2.859302644942656
3.272,2.852356497963649
3.271,2.786346696607077
3.27,2.8855608689476084
3.269,2.919576755269405
3.268,2.953489455245347
3.267,2.954990327052139
3.266,2.975368733670954
3.265,3.0220354331753048
3.264,3.109971404944516
3.263,3.0900021980271677
3.262,3.050519118523521
3.261,3.047637307250033
3.26,3.0214176322552646
3.259,2.973451580640115
3.258,3.1124130592121415
3.257,3.2192778821062817
3.256,3.069033801348784
3.255,2.900030757684356
3.254,2.6628383356482574
3.253,2.628856924860169
3.252,2.6073060051419703
3.251,2.619949278293168
3.25,2.69281964931325
3.249,2.683752131342453
3.248,2.6382908673473735
3.247,2.5711732517556793
3.246,2.541898488691414
3.245,2.6110723192225618
3.244,2.681814388868995
3.243,2.6655832335817315
3.242,2.590077981633547
3.241,2.651733218577774
3.24,2.6881373745437314
3.239,2.547280349414217
3.238,2.539201820023232
3.237,2.536157660005017
3.236,2.586230649720937
3.235,2.615646739366924
3.234,2.596673443177335
3.233,2.6372115855248395
3.232,2.7167678275008553
3.231,2.6992935987464173
3.23,2.839003082274043
3.229,2.7281885133874173
3.228,2.661275241371647
3.227,2.7626291469347755
3.226,2.7562019406295066
3.225,2.6510033598257334
3.224,2.5631547839806657
3.223,2.551877236883104
3.222,2.6170664551717473
3.221,2.6791356981245347
3.22,2.7244798367509184
3.219,2.6541874372327086
3.218,2.6142534517657454
3.217,2.6514070605155178
3.216,2.6973904353698277
3.215,2.650942879100016
3.214,2.735197837061642
3.213,2.8011387702592985
3.212,2.8164698397362424
3.211,2.8183161238074628
3.21,2.872835296384186
3.209,2.988531041687465
3.208,2.9758111003903487
3.207,2.936956777410716
3.206,2.9063439975233263
3.205,2.9288106476262605
3.204,2.99653961449348
3.203,2.9785377931275177
3.202,2.9045400958112926
3.201,2.9995106544422576
3.2,3.0305399387719296
3.199,3.0249728738124992
3.198,2.9831572047458152
3.197,2.9696462276636746
3.196,3.003552210147187
3.195,3.0834200615042695
3.194,3.016401309556597
3.193,2.8872135934453467
3.192,2.792019866848149
3.191,2.696121916258587
3.19,2.913909200827584
3.189,2.7423048781565855
3.188,2.7423052321849495
3.187,2.7090961066103065
3.186,2.6755346242495803
3.185,2.7147795481142722
3.184,2.6421133258540146
3.183,2.580428117226016
3.182,2.5030911891938166
3.181,2.4817753382581587
3.18,2.4563874278891724
3.179,2.518053304694414
3.178,2.5358585695765714
3.177,2.5148678022358726
3.176,2.5305426087403498
3.175,2.5722924947098216
3.174,2.626009811922585
3.173,2.607730685558419
3.172,2.562106890334606
3.171,2.5953329932207767
3.17,2.6127847694851285
3.169,2.71787241936125
3.168,2.768995913342573
3.167,2.8303744435254488
3.166,2.8650637637159377
3.165,2.8640826955907235
3.164,2.9069593278014696
3.163,2.917363913761304
3.162,2.9351109322162676
3.161,3.023005536928599
3.16,3.0322149428308185
3.159,3.1950907911602
3.158,3.297594284450681
3.157,3.1977589051709154
3.156,3.265089171954756
3.155,3.289529321119251
3.154,3.159815785551526
3.153,3.15598890714977
3.152,3.1296889669477066
3.151,3.078871625212443
3.15,2.9275949846456757
3.149,2.93097383634648
3.148,2.8377101700510208
3.147,2.7406736868102772
3.146,2.762009065867908
3.145,2.5512001954631924
3.144,2.414529221336096
3.143,2.2724514810287983
3.142,2.063599323686941
3.141,2.0934477078581786
3.14,2.102619908457275
3.139,2.178148445261062
3.138,2.1696682198138
3.137,2.272037496427858
3.136,2.361524079450852
3.135,2.5271580479026245
3.134,2.608285943949653
3.133,2.6940597017154375
3.132,2.693346573552823
3.131,2.7704160590718456
3.13,2.781759784714279
3.129,2.6540184378364096
3.128,2.7168705633877948
3.127,2.7803349711226573
3.126,2.7836941550229954
3.125,2.6712360904992853
3.124,2.7235977854392885
3.123,2.872086256444219
3.122,2.7714841357388087
3.121,2.799304186212565
3.12,2.850287990912119
3.119,2.9062865551351313
3.118,2.831077733590958
3.117,2.990625217797712
3.116,3.0319056278028453
3.115,3.118497974441383
3.114,3.1237185052795926
3.113,3.1675126413569923
3.112,3.1364580557197237
3.111,3.142074061792068
3.11,3.1384526206223655
3.109,3.129774998258506
3.108,3.1315913898427175
3.107,3.1867040758001255
3.106,3.171100905448801
3.105,3.1807562505505045
3.104,3.288812820808945
3.103,3.2651669327700565
3.102,3.2387282410020015
3.101,3.2174222610517185
3.1,3.2496604873220427
3.099,3.2286087095389773
3.098,3.234249280368097
3.097,3.2383469605030704
3.096,3.253052724694128
3.095,3.2595008395469685
3.094,3.277158296733022
3.093,3.2897113762464127
3.092,3.2387666947651437
3.091,3.109007494377392
3.09,3.0667276039656595
3.089,2.99477858611679
3.088,3.0204365348081565
3.087,2.9482489383344888
3.086,3.068385660640423
3.085,3.117376658332665
3.084,3.1304042653474147
3.083,3.17497664938982
3.082,3.228076689143635
3.081,3.348166299374573
3.08,3.181636579843402
3.079,3.2222700139872043
3.078,3.2149105473546316
3.077,3.1721881182227807
3.076,3.084786884480335
3.075,3.0618162541513043
3.074,2.9893263570912922
3.073,2.9255569741183542
3.072,2.800917814341586
3.071,2.815372612702082
3.07,2.684040877294986
3.069,2.6789131259042214
3.068,2.5860934321615257
3.067,2.6806432259225677
3.066,2.761526563127787
3.065,2.9269121904554822
3.064,2.75425405269618
3.063,2.6643566550510145
3.062,2.602008724989899
3.061,2.5674814523946625
3.06,2.575027857171713
3.059,2.5775717412262327
3.058,2.5611092174622128
3.057,2.6089237653299477
3.056,2.4898876649439363
3.055,2.4231267507095686
3.054,2.412265273300585
3.053,2.4271462968168733
3.052,2.3088537646058427
3.051,2.2643079173466174
3.05,2.2742512412081672
3.049,2.1525825803957606
3.048,2.1452448694085264
3.047,2.1328226113133923
3.046,2.156952214518918
3.045,2.09396779362387
3.044,2.230089915076089
3.043,2.083135030480157
3.042,2.070848623035561
3.041,2.118757889899041
3.04,2.049648581042305
3.039,2.0783763448837362
3.038,2.053994906740176
3.037,2.1113105139835717
3.036,2.198290330591748
3.035,2.1844111087662172
3.034,2.191643804524635
3.033,2.182852965675904
3.032,2.12978821888688
3.031,2.08893814188681
3.03,2.0445295212607486
3.029,1.9528924722317889
3.028,1.8987254405474412
3.027,1.8535709533072056
3.026,1.7986467188420026
3.025,1.7730680224056241
3.024,1.775643942163704
3.023,1.8251437159191592
3.022,1.8124735322964822
3.021,1.8685026823879252
3.02,1.8191953777663101
3.019,1.761241581614365
3.018,1.7385435938756684
3.017,1.7498788356259491
3.016,1.7000755358410733
3.015,1.6918299765036076
3.014,1.712601461506031
3.013,1.7756861606608385
3.012,1.647103599018771
3.011,1.61796045122144
3.01,1.6709833127206895
3.009,1.6435673309874341
3.008,1.7021301215386646
3.007,1.9081104599321792
3.006,1.851472079860665
3.005,1.9299747582605098
3.004,2.052589871025605
3.003,2.081946799324842
3.002,1.9315679379953814
3.001,2.297438809628807
3.0,2.412026452610164
2.999,2.3967979017428926
2.998,2.4174488619461783
2.997,2.3619372763217696
2.996,2.3409763206253587
2.995,2.3078265474754036
2.994,2.188368899710356
2.993,2.166344264385939
2.992,2.0266930195686697
2.991,1.9266437792389717
2.99,1.9439541178744417
2.989,1.8927984731040925
2.988,1.8863573028296343
2.987,1.9360258607885368
2.986,2.0396692946573802
2.985,1.9056035297398912
2.984,1.840449766347677
2.983,1.7523312419213533
2.982,1.843886332638967
2.981,1.8507023294376628
2.98,1.8549842176959837
2.979,1.8574835915268522
2.978,1.9984481529570637
2.977,2.0502996908857845
2.976,2.108480585713001
2.975,2.035994441120745
2.974,2.2212609206216496
2.973,2.4088066221564284
2.972,2.353117365910164
2.971,2.374702478677049
2.97,2.463637732181571
2.969,2.5515288609214557
2.968,2.5774684989952514
2.967,2.5869171669625843
2.966,2.710982522154019
2.965,2.7214013191925606
2.964,2.762758706828248
2.963,2.7400880925991
2.962,2.761270695153015
2.961,2.6611879710612554
2.96,2.6809253630588414
2.959,2.798598502585157
2.958,2.7102107866782426
2.957,2.6857277684667213
2.956,2.8656569259748443
2.955,2.843301732470625
2.954,2.895593986416162
2.953,2.943523154818577
2.952,2.887854951793651
2.951,2.841241895314098
2.95,2.7993042467583513
2.949,2.78906980170215
2.948,2.891366094364721
2.947,2.886081219633053
2.946,2.9468698189955393
2.945,2.9307656658462764
2.944,2.9427334356884374
2.943,2.9438328241608476
2.942,2.952718710386206
2.941,2.8888574011813395
2.94,2.7560608719224295
2.939,2.6691016834914807
2.938,2.608856092837868
2.937,2.5672060481314616
2.936,2.574025004092454
2.935,2.422236086267728
2.934,2.295720386895343
2.933,2.133791585207448
2.932,1.9799979637635539
2.931,1.8961328580537433
2.93,1.7863189258896868
2.929,1.6604845570817894
2.928,1.586037460528664
2.927,1.6031308151673895
2.926,1.602433814568503
2.925,1.6131921394283086
2.924,1.7332347171751508
2.923,1.808799773450274
2.922,1.8891552249899142
2.921,1.9342868279110323
2.92,1.8626182545845478
2.919,1.841276690257171
2.918,1.8221560886492087
2.917,1.890169533992526
2.916,1.893226215398322
2.915,1.9379914159367553
2.914,2.068475415743695
2.913,2.147974432345528
2.912,2.12819102671107
2.911,2.276698445596426
2.91,2.2575718572421124
2.909,2.2485801957092773
2.908,2.2387880931164443
2.907,2.313825031373316
2.906,2.445431289072315
2.905,2.455115200234343
2.904,2.5524441768200035
2.903,2.6611666871045805
2.902,2.6431289270990312
2.901,2.457743553546931
2.9,2.3824109915181877
2.899,2.45219745871288
2.898,2.4667122383021614
2.897,2.48075856836087
2.896,2.3940530360595162
2.895,2.4159021793981177
2.894,2.3642472556101697
2.893,2.4089610243522386
2.892,2.332303758614492
2.891,2.32495620251328
2.89,2.36256148232628
2.889,2.442839211101623
2.888,2.324588603365171
2.887,2.2610538338321877
2.886,2.114156776333988
2.885,2.1337339595732394
2.884,2.1055603061434245
2.883,2.0892347085705114
2.882,2.1000077722233708
2.881,2.0909810064143968
2.88,2.1333910158348917
2.879,2.170481805516381
2.878,2.275222449203746
2.877,2.400783325850883
2.876,2.479808218376962
2.875,2.5057740570134035
2.874,2.571824820988237
2.873,2.6935749622669656
2.872,2.534896547323307
2.871,2.5173575241303565
2.87,2.540524598701045
2.869,2.508600851642412
2.868,2.466297249531082
2.867,2.48458211503913
2.866,2.462161484429407
2.865,2.3945691122382478
2.864,2.418649064595764
2.863,2.4475993264286626
2.862,2.391898421303946
2.861,2.31956558557301
2.86,2.2102049767480385
2.859,2.127278934134659
2.858,2.1724712448609704
2.857,2.075699584615009
2.856,2.0805056149504213
2.855,2.1284858695245443
2.854,2.266610272894276
2.853,2.2329533541841724
2.852,2.2943776204912316
2.851,2.2122986853969366
2.85,2.1876739416498885
2.849,2.220793194195758
2.848,2.329537705233858
2.847,2.432853084942338
2.846,2.5260009564779984
2.845,2.5542963531392013
2.844,2.5424064490524083
2.843,2.5726613405998133
2.842,2.675136761027845
2.841,2.790672344043067
2.84,2.9572531556912613
2.839,2.8656828375613195
2.838,2.8811378040792928
2.837,2.902469309887775
2.836,2.991249892090526
2.835,2.9629909994975097
2.834,2.959897565032433
2.833,3.1286117259647277
2.832,3.0072436847451605
2.831,2.973491087997859
2.83,2.833155877500332
2.829,2.814072402449698
2.828,2.716465935078709
2.827,2.6730354151036173
2.826,2.672226369549008
2.825,2.6312198602581995
2.824,2.7728664033408625
2.823,2.6935055988763517
2.822,2.643319603509971
2.821,2.6872069467675224
2.82,2.6666053082202295
2.819,2.604891656249495
2.818,2.5857945874472525
2.817,2.470489218592845
2.816,2.5168495591295854
2.815,2.419011133552147
2.814,2.3805579364745566
2.813,2.317515551179337
2.812,2.2513152328777317
2.811,2.039702452703479
2.81,2.06798394783577
2.809,2.0492122236007866
2.808,2.099711749902328
2.807,2.1329469625345396
2.806,2.074871886650488
2.805,1.9509902249501625
2.804,1.9657709366711233
2.803,1.9729573447025226
2.802,2.1233052855534105
2.801,2.1529863077236358
2.8,2.0894122989753954
2.799,2.1535984608726375
2.798,2.1856735164021717
2.797,2.276545615259288
2.796,2.2020754338931394
2.795,2.4671928962688243
2.794,2.6480091210245797
2.793,2.6114244267128193
2.792,2.57035761317803
2.791,2.4688441602440916
2.79,2.5690694284522317
2.789,2.66830626727375
2.788,2.6247423889981474
2.787,2.5431660680007027
2.786,2.594972670475247
2.785,2.558706241775273
2.784,2.542492273921951
2.783,2.6070884669994485
2.782,2.62568105160805
2.781,2.5754776642641692
2.78,2.404284767435278
2.779,2.3357513203951794
2.778,2.367688944337036
2.777,2.227011163036221
2.776,2.136992798056021
2.775,2.151690104156605
2.774,2.0868588251439366
2.773,2.006312594722005
2.772,1.712692951632894
2.771,1.7190105918962768
2.77,1.7781972778177375
2.769,1.712060533504329
2.768,1.7564924137815539
2.767,1.7805622227675433
2.766,1.9009492006498983
2.765,1.8895311136584372
2.764,1.9465285790364295
2.763,2.0108167646988253
2.762,2.0632028644265197
2.761,1.993383267203837
2.76,2.2100194118699847
2.759,2.1244224724164527
2.758,2.1810192328773197
2.757,2.239160106377102
2.756,2.2698832827799484
2.755,2.2928854564715975
2.754,2.2663295108784083
2.753,2.234175895439622
2.752,2.1841766877343254
2.751,2.247502874488746
2.75,2.2826466389714266
2.749,2.2898750338181753
2.748,2.189548938901926
2.747,2.1396152748212334
2.746,2.119706478949913
2.745,2.1223400523631106
2.744,1.9919960520440738
2.743,1.9184696472197813
2.742,1.83062950114122
2.741,1.7431560982485328
2.74,1.5755189471345534
2.739,1.5033052860562959
2.738,1.5399448735882635
2.737,1.5799154667512332
2.736,1.6329205824163313
2.735,1.6353422175340173
2.734,1.6226105901162082
2.733,1.6521278604736955
2.732,1.7345255060833389
2.731,1.7730916113525683
2.73,1.7135897649729277
2.729,1.7501666579443356
2.728,1.7765995862029105
2.727,1.7914177506880242
2.726,1.8873743963215244
2.725,1.690965026229307
2.724,1.868821316620687
2.723,1.8908455641947686
2.722,1.8802123517438898
2.721,1.7628172233136663
2.72,1.615146961681001
2.719,1.4706089038940833
2.718,1.4412209865885497
2.717,1.5150722528932916
2.716,1.4960733666044586
2.715,1.380623357943984
2.714,1.330520324880703
2.713,1.2612869545964027
2.712,1.1091199958756277
2.711,1.0400815746221208
2.71,1.6231456223031628
2.709,1.4438788831439007
2.708,1.4371383722059254
2.707,1.5726774140910809
2.706,1.6077558317073493
2.705,1.8082434690538545
2.704,1.8689930561423942
2.703,1.9856047765831306
2.702,2.1188510541143932
2.701,2.0957836256435654
2.7,2.141523347657793
2.699,2.1055936721145474
2.698,2.195603175724052
2.697,2.177604093336229
2.696,2.0554337937603187
2.695,1.9779730406300362
2.694,2.095667293285916
2.693,1.7193322330757048
2.692,1.7121944208115174
2.691,1.729553368584031
2.69,1.7956695624334307
2.689,1.759873676343692
2.688,1.8104221451293483
2.687,1.8942231903575109
2.686,1.9631561795625831
2.685,2.085653930469155
2.684,2.314576084472533
2.683,2.188076468312653
2.682,2.2106150273444367
2.681,2.293141956558601
2.68,2.2475725017652777
2.679,2.258494114733096
2.678,2.2886544632779935
2.677,2.450078081001227
2.676,2.4192844263541313
2.675,2.4653294049225196
2.674,2.4865057335598717
2.673,2.5629817118157283
2.672,2.55215261090647
2.671,2.500983476926949
2.67,2.528500876467438
2.669,2.5519585334133774
2.668,2.445372174706879
2.667,2.5355273043529354
2.666,2.5822986765888936
2.665,2.6452541314787306
2.664,2.5084439915822307
2.663,2.50943096069569
2.662,2.45381941831553
2.661,2.449461154149961
2.66,2.4245058214435975
2.659,2.4155923832394337
2.658,2.1849561082776985
2.657,2.207394023449107
2.656,2.2221232700927858
2.655,2.0385657531594528
2.654,1.994877914453696
2.653,1.8801655238876798
2.652,1.7371852136156085
2.651,1.6232648330799202
2.65,1.6528570781166747
2.649,1.3589576374479944
2.648,1.2907287389353688
2.647,1.2673760935275187
2.646,1.1400862263122715
2.645,1.2342411595060057
2.644,1.3923227346309273
2.643,1.6403888056018299
2.642,1.636386037278161
2.641,1.5650201529229986
2.64,1.3856291478638663
2.639,1.406393165797513
2.638,1.279825169426308
2.637,1.1021319824771452
2.636,1.4110042191561218
2.635,1.4272844394685174
2.634,1.587682569304096
2.633,1.6433581269786643
2.632,1.7216972648146922
2.631,1.5764161240649115
2.63,1.7199181316241576
2.629,1.7525627533102814
2.628,1.7337369398189382
2.627,1.7513262133373642
2.626,1.7755026867908346
2.625,1.809994240935592
2.624,1.7718184548918403
2.623,1.7298367037593576
2.622,1.7582104164086063
2.621,1.9381232358502938
2.62,1.9334233188392254
2.619,1.856002572548953
2.618,1.7909097065911828
2.617,1.6200400665045491
2.616,1.6329730328789034
2.615,1.8197973676896868
2.614,1.8096878526950952
2.613,1.8102525189841532
2.612,1.80989576586588
2.611,1.7740851747476503
2.61,1.6783718726602692
2.609,1.5291763911882115
2.608,1.5201052602858167
2.607,1.5148783159398918
2.606,1.401125057483489
2.605,1.3342097892434803
2.604,1.2999985171122477
2.603,1.3089527418075335
2.602,1.292136915922225
2.601,1.2740583399864651
2.6,1.5454902869782638
2.599,1.5218188795192757
2.598,1.558344337346129
2.597,1.6490129065194294
2.596,1.7007608578225768
2.595,1.694715626482725
2.594,1.747673973609884
2.593,1.8833615404530957
2.592,1.9012657992170339
2.591,2.0409388390793555
2.59,2.026811995252406
2.589,2.0862368860918905
2.588,2.0971199204188227
2.587,2.2991570227816696
2.586,2.2825171506388386
2.585,2.2955596947009065
2.584,2.3655236773454957
2.583,2.304026097076217
2.582,2.347758546388751
2.581,2.4572039409612443
2.58,2.362128261328266
2.579,2.372608312688966
2.578,2.4326809499912656
2.577,2.4646998732504066
2.576,2.5198251284279083
2.575,2.470051955908948
2.574,2.3741691875434747
2.573,2.253076163282201
2.572,2.076949667843422
2.571,2.0660590504079237
2.57,2.1021551752024874
2.569,2.0586547939980853
2.568,1.9117210217342553
2.567,2.0018018415531182
2.566,1.947744413957245
2.565,1.8281435229270377
2.564,1.7441414250899405
2.563,1.7457453210582212
2.562,1.7245514197929288
2.561,1.817260253630854
2.56,1.8585632147710651
2.559,1.8791340619268544
2.558,2.0182650629872003
2.557,1.9939037226745016
2.556,2.0771491169684073
2.555,2.135608916544033
2.554,2.2929688830901838
2.553,2.33387495449279
2.552,2.416976716811674
2.551,2.4320211303054546
2.55,2.3028179598894543
2.549,2.411261432415966
2.548,2.3903916803947327
2.547,2.397745547282335
2.546,2.254051450235968
2.545,2.0704665698305034
2.544,2.0699395568553656
2.543,2.1592384733438545
2.542,2.040813114834344
2.541,1.958874747780124
2.54,1.8809122707666937
2.539,1.6407422849820148
2.538,1.394063435177093
2.537,1.0562324001523278
2.536,0.9304005675694821
2.535,0.9676243370043675
2.534,0.9315779649751126
2.533,0.8232855293924545
2.532,0.6685416309149042
2.531,0.6682055206688688
2.53,0.7025326491052729
2.529,0.4578787097973383
2.528,0.5364924912714324
2.527,0.4063977171934965
2.526,0.4173517989182256
2.525,0.3705533967714722
2.524,0.6806527136678663
2.523,0.5573691487905107
2.522,0.3653602207929466
2.521,-0.13758404799196744
2.52,-0.20198474411760423
2.519,-0.09603342482903962
2.518,0.18879625212228768
2.517,0.38315186105821597
2.516,0.5431828749911882
2.515,0.604454817693244
2.514,0.5169065807716631
2.513,0.7339995019553474
2.512,0.7936368310856133
2.511,0.867906804839527
2.51,1.149263982563062
2.509,1.481990567874855
2.508,1.6971689864432455
2.507,1.970511905053986
2.506,2.159835669845932
2.505,2.2455268086205815
2.504,2.2826014526964777
2.503,2.320079349854548
2.502,2.1380046449448824
2.501,2.1499781655820915
2.5,2.0625554093899057
2.499,1.8233059329127208
2.498,1.7307784734174168
2.497,1.6060544512285126
2.496,1.4765258565988357
2.495,1.1680043657276546
2.494,1.0366861952993254
2.493,0.9433586991102016
2.492,0.8339004242737325
2.491,0.7685199864602638
2.49,0.717342930941944
2.489,0.6640256350098949
2.488,0.6506184717047386
2.487,0.7573783641653452
2.486,0.8839165261623984
2.485,0.8461659725007673
2.484,0.9363192366745782
2.483,0.9972436444158507
2.482,1.25495073064434
2.481,1.2276240666997347
2.48,1.221002013024557
2.479,1.263571193242585
2.478,1.6831673695163418
2.477,1.6240246500958662
2.476,1.593622958679073
2.475,1.505887503451007
2.474,1.7106611493445758
2.473,1.8573044875690714
2.472,1.784628922374179
2.471,1.7814405988550268
2.47,1.6984431260088422
2.469,1.7466802143126963
2.468,1.7670991368451225
2.467,1.561707308232458
2.466,1.6667381476681273
2.465,1.6334100265286404
2.464,1.6163771177640314
2.463,1.6154284587006618
2.462,1.5649989658825618
2.461,1.7582966254652987
2.46,1.7040798286559273
2.459,1.576704669583086
2.458,1.5089084305869405
2.457,1.3606003849928867
2.456,1.4024454285168717
2.455,1.395743356188616
2.454,1.2854732950590395
2.453,1.1614762466973778
2.452,1.0738993442724016
2.451,0.9617561818328758
2.45,0.9217788376173895
2.449,0.8025561234595024
2.448,0.9651783547577767
2.447,0.8672439060638915
2.446,0.8462487791854683
2.445,0.7984421097688568
2.444,0.8228173206193473
2.443,0.8006033267049981
2.442,0.8047893949055227
2.441,0.8119679274285261
2.44,0.8919063348251761
2.439,0.7468849025465057
2.438,0.690449204217847
2.437,0.6546160633538923
2.436,0.65149804159077
2.435,0.7160521506277523
2.434,0.8444300382452095
2.433,0.703807995847512
2.432,0.922091027544651
2.431,1.1649011968672576
2.43,1.3028724204816735
2.429,1.4163395514090462
2.428,1.841583250202844
2.427,1.9290246441028425
2.426,2.1441688978465385
2.425,2.485054294248102
2.424,2.490272854461999
2.423,2.436900012551135
2.422,2.529717157421445
2.421,2.5219019883615337
2.42,2.5069517325901316
2.419,2.346720996018541
2.418,2.204202319679406
2.417,2.253911033238442
2.416,2.586278952049511
2.415,2.221496691594128
2.414,2.338672221052648
2.413,2.3652364921021856
2.412,2.2731465667439457
2.411,2.259647480913085
2.41,2.12381440989411
2.409,2.0570270405121907
2.408,1.9265559900640365
2.407,1.742372471626468
2.406,1.592148147893228
2.405,1.537982327194459
2.404,1.759310398864263
2.403,1.7958573563930955
2.402,1.7823588786737752
2.401,1.7869346357149773
2.4,1.8385818995191743
2.399,1.7875164552978107
2.398,1.8556008287252401
2.397,1.981802547900827
2.396,2.0695079260522498
2.395,2.1150246028182935
2.394,2.1163951204045617
2.393,1.993099425759453
2.392,2.0609681208400676
2.391,1.9748764515267254
2.39,1.8587789646749795
2.389,1.7557793960678325
2.388,1.8123386594725195
2.387,1.6862413327734276
2.386,1.6032985169753793
2.385,1.6602762950139482
2.384,1.6904571209352615
2.383,1.656207410355467
2.382,1.7739215585227044
2.381,1.738170621910815
2.38,1.841337411507383
2.379,1.7189881996582557
2.378,1.599383945206237
2.377,1.488695434107257
2.376,1.256419794582496
2.375,1.0464724650756507
2.374,1.1036721586331044
2.373,0.9267526024136284
2.372,0.7752212372015448
2.371,0.9951454654972395
2.37,1.1109963303527388
2.369,0.9359945313512832
2.368,0.9638756870135515
2.367,0.9190569476327517
2.366,0.8926752581241215
2.365,0.7732003610425059
2.364,0.5481201815925173
2.363,0.6548915565160849
2.362,0.7105366056001912
2.361,0.5782376343636051
2.36,0.6089764263257897
2.359,0.6679117374936924
2.358,0.5967069957746384
2.357,0.9496750549942214
2.356,0.947747944214256
2.355,1.2446689726170055
2.354,1.3360889382659027
2.353,1.513583301064256
2.352,1.5731063068620244
2.351,1.8117179755495902
2.35,1.8900330895936013
2.349,2.0228157650281138
2.348,1.8759195994723508
2.347,1.9743935950624798
2.346,2.006507624858622
2.345,1.8842197954750541
2.344,1.685171025139679
2.343,1.965615896901173
2.342,1.9654915570979843
2.341,2.0907931623436977
2.34,1.8411148948021208
2.339,1.7968824492580182
2.338,1.8244756604335064
2.337,1.6715079550395198
2.336,1.7150647813459188
2.335,1.5389056981575213
2.334,1.3369431925022834
2.333,1.53699692545657
2.332,1.2294780612903802
2.331,1.1741513747916388
2.33,0.9185524306458787
2.329,0.9300090427053547
2.328,0.9849352814090601
2.327,1.095609393894587
2.326,1.2421707529613752
2.325,1.5606191132991092
2.324,1.6330838899422786
2.323,1.7954792904667092
2.322,1.4852030192458325
2.321,1.5637561189101554
2.32,1.5612373617510824
2.319,1.2615985399212573
2.318,1.3123394313937697
2.317,1.3349488373635747
2.316,1.1978387532667285
2.315,1.04857951104739
2.314,0.9433684491531168
2.313,1.3127840239800055
2.312,1.258481330044429
2.311,1.3458604850236593
2.31,1.5521215233998977
2.309,1.6045331912674934
2.308,1.546643900264393
2.307,1.5240076752844762
2.306,1.5216413929065962
2.305,1.6394193091999862
2.304,1.689289244205121
2.303,1.7380894838199505
2.302,1.7558205101531645
2.301,1.7875399571768567
2.3,1.7733517283621008
2.299,1.7647762900189974
2.298,1.7683147231926974
2.297,1.839820979065847
2.296,1.7855715976527056
2.295,1.7522739880860518
2.294,1.7297769659175155
2.293,1.7603715260198767
2.292,1.787694039030157
2.291,1.6912393386962445
2.29,1.2828903091587962
2.289,1.539091648836484
2.288,1.5572732700559873
2.287,1.3600523032490193
2.286,1.2847410763068505
2.285,1.2591529957038101
2.284,1.2875315223869104
2.283,1.2903421918865676
2.282,1.3130950595257984
2.281,1.3188921127909048
2.28,1.2404682021376576
2.279,1.0448127131750387
2.278,1.2118601953360004
2.277,1.298851370806788
2.276,1.3982289842292686
2.275,1.519370452015142
2.274,1.6243840360772555
2.273,1.5453825984687493
2.272,1.614685034599431
2.271,1.7145175186147226
2.27,1.8069411953824517
2.269,1.7607358662070338
2.268,1.7661902502601832
2.267,1.914240618108948
2.266,1.8466089581406593
2.265,1.7096565134051707
2.264,1.6279401848598976
2.263,1.6175526961828304
2.262,1.5644017429321198
2.261,1.44986039819884
2.26,1.2737677324572065
2.259,1.1009173121960953
2.258,1.0687084343415727
2.257,1.0525603588570505
2.256,0.9736922347349403
2.255,0.9086069219356586
2.254,0.8598451722733496
2.253,0.7780476721831612
2.252,0.780013317069716
2.251,0.6098505397026381
2.25,0.6630766103050347
2.249,0.5985807663936995
2.248,0.5737393344678535
2.247,0.6662076646564355
2.246,0.610408637284455
2.245,0.5187916895508478
2.244,0.5786351949103115
2.243,0.723705756697023
2.242,0.7821161756619315
2.241,0.7686194546906129
2.24,0.9067706480376287
2.239,0.890736725196514
2.238,1.029192164040712
2.237,1.2398517440206913
2.236,1.3564185226980952
2.235,1.4775613324310042
2.234,1.5522929550427378
2.233,1.676434807368144
2.232,1.6685743402922504
2.231,1.697333694528647
2.23,1.668511704853817
2.229,1.6558710746472505
2.228,1.873867501048357
2.227,1.6209430144300412
2.226,1.509026587776467
2.225,1.410036301552005
2.224,1.3310765191046292
2.223,1.3245763456647988
2.222,1.3177674387460403
2.221,1.55796243440354
2.22,1.3935052673490853
2.219,1.229107842290671
2.218,1.4621037487741964
2.217,1.5327312852507726
2.216,1.1105342270189984
2.215,1.1150255501691617
2.214,1.3424039677693496
2.213,1.336052295053456
2.212,1.3292744310645364
2.211,1.3091713343258744
2.21,1.2190510026071535
2.209,1.4096190123000796
2.208,1.436160044104802
2.207,1.2716223848932966
2.206,1.380788722740525
2.205,1.3200934712127335
2.204,1.2543842566708558
2.203,1.134942831602336
2.202,1.1190223360108256
2.201,1.1707386958362362
2.2,1.0070254936095169
2.199,0.8717236689821617
2.198,0.6955416826133622
2.197,0.8281787494284777
2.196,0.8441507860362023
2.195,1.1295599160690715
2.194,1.2590163251806823
2.193,1.3080313612068417
2.192,1.2335243771969508
2.191,1.108988272079516
2.19,1.17371215683832
2.189,1.1746496808599411
2.188,1.2293326729133072
2.187,1.2237114043589938
2.186,1.2338716942365007
2.185,1.2249023086826072
2.184,1.2080183699775715
2.183,1.2532279105543718
2.182,1.4226228698499905
2.181,1.1395631594046303
2.18,1.0611060161283397
2.179,1.2252006843210934
2.178,1.2819591696090487
2.177,1.25578774916211
2.176,1.135905500756565
2.175,1.0463220982627432
2.174,0.9714362050325457
2.173,0.8825650002948427
2.172,0.7896828966493018
2.171,0.7156295669357553
2.17,0.6269080704555738
2.169,0.6196479510168644
2.168,0.4647012487379477
2.167,0.3971358981645103
2.166,0.2607526458874175
2.165,0.1390261516716457
2.164,0.12308316069272776
2.163,0.003327703014142702
2.162,-0.019933682821523607
2.161,-0.05712185382085923
2.16,-0.18971455255406508
2.159,-0.16458274970406375
2.158,0.0706393481646291
2.157,-0.182358458662952
2.156,-0.16090330215076798
2.155,-0.5103626710557242
2.154,-0.4600455478383471
2.153,-0.33852147642355046
2.152,-0.2520342385184322
2.151,0.02841704076069535
2.15,0.12093831870683694
2.149,0.25850094140267377
2.148,0.245768762880799
2.147,0.2481363440720805
2.146,0.38875170595553077
2.145,0.4871534590616343
2.144,0.8315902538216663
2.143,1.0932154391157478
2.142,1.315131517222151
2.141,1.5760774259744033
2.14,1.839531923670594
2.139,2.0160974729019125
2.138,2.052118298321232
2.137,1.9636709980793179
2.136,1.8686701129731316
2.135,1.9793565005218188
2.134,2.044374877115034
2.133,2.0017659884896313
2.132,1.995788865126606
2.131,1.9459993308030648
2.13,1.8489152111115126
2.129,1.6448022703085408
2.128,1.4879510473813868
2.127,1.3065656601679427
2.126,1.1690210960544887
2.125,1.222610965421393
2.124,1.2759831985042924
2.123,1.2760310562322705
2.122,1.1756995938703718
2.121,1.0567414510639952
2.12,0.9118848530941159
2.119,0.8543311411284955
2.118,0.8203968821530847
2.117,0.7676471045891855
2.116,0.7596687599163316
2.115,0.9207375344408258
2.114,0.9262570977269197
2.113,0.8950456310057464
2.112,0.9233315087438758
2.111,0.7457452549398342
2.11,0.7430886716480122
2.109,0.6149335952826024
2.108,0.5076177691535455
2.107,0.41521190891934145
2.106,0.5351147995310921
2.105,0.48324939585622306
2.104,0.4642909010682088
2.103,0.44932985888143323
2.102,0.41344457788491473
2.101,0.4648464136982985
2.1,0.41569772145505224
2.099,0.4785652105948558
2.098,0.37688714424277714
2.097,0.3591078085336287
2.096,0.4628217886629169
2.095,0.5322293208292522
2.094,0.5380552502288259
2.093,0.4754631734756072
2.092,0.4851706083606774
2.091,0.4203926280445954
2.09,0.19279539203032406
2.089,0.24015666769178215
2.088,0.1848553142539383
2.087,-0.021644593740608824
2.086,-0.18791139770516194
2.085,-0.26689773867456945
2.084,-0.31001559261395256
2.083,-0.3693646644338273
2.082,-0.43664293922940806
2.081,-0.41352403003573557
2.08,-0.4666037313908603
2.079,-0.5605164617965094
2.078,-0.4558175081728733
2.077,-0.7307820991084581
2.076,-0.7045901223489947
2.075,-0.9562196255011923
2.074,-0.7646548702769634
2.073,-1.0420700637910143
2.072,-1.0002195310906867
2.071,-0.8342875536387602
2.07,-0.8528497573042749
2.069,-0.8676378027381606
2.068,-0.6365207030086223
2.067,-0.687580676298893
2.066,-0.3576197851213163
2.065,-0.06549489526287211
2.064,0.16773798459120803
2.063,0.37899471119653455
2.062,0.38744719323693755
2.061,0.43640176168994543
2.06,0.6237262921987548
2.059,0.7205084289655693
2.058,0.7741705329115333
2.057,0.825944275270348
2.056,0.9224192515310474
2.055,0.9736641233438544
2.054,1.0755599408920453
2.053,1.113529979434978
2.052,1.134816904650224
2.051,1.0774379623724928
2.05,1.2046874923178856
2.049,1.1991158469877428
2.048,1.1632648321197776
2.047,1.109217922665243
2.046,1.010212407994867
2.045,0.9856793907418243
2.044,0.9577847046292309
2.043,0.89040962288214
2.042,1.1584379103558968
2.041,1.0253832510840837
2.04,1.1462642655226483
2.039,1.206022157455574
2.038,1.1479954715439842
2.037,1.1626330513345757
2.036,1.1806596035631842
2.035,1.0638515678183178
2.034,1.1446477018205536
2.033,1.2217158663820404
2.032,1.045828302343681
2.031,1.1383254950461716
2.03,1.1816157402120786
2.029,1.3234441367186747
2.028,1.4747517642024486
2.027,1.6067883594324646
2.026,1.5202041997821725
2.025,1.617000061726662
2.024,1.637303857714844
2.023,1.5958035100792949
2.022,1.4501143496223106
2.021,1.497293579533829
2.02,1.645074934185191
2.019,1.5006970144749985
2.018,1.3334476379973015
2.017,1.48459934389001
2.016,1.3397975128980335
2.015,1.30910132093543
2.014,1.1527678749197967
2.013,1.2660602590350145
2.012,1.2152872245317008
2.011,1.1849155066669756
2.01,1.0402709412321107
2.009,0.8610449020840736
2.008,0.8482853900550283
2.007,0.8434193239232248
2.006,0.8274668642590878
2.005,0.8320177033805174
2.004,0.9640086972438712
2.003,1.0555746753766424
2.002,0.9999464972100268
2.001,1.0359251167173051
2.0,1.0198625098759464
1.999,1.042985949220752
1.998,1.2505211496988617
1.997,1.1450777030941768
1.996,1.017944205033817
1.995,1.044995111250576
1.994,1.3010093988190468
1.993,1.2542287065564763
1.992,1.4181293710373755
1.991,1.512478254063434
1.99,1.3325398628130656
1.989,1.4171204620979068
1.988,1.4356036243195527
1.987,1.3813436835674964
1.986,1.3300562388374877
1.985,1.3935720894760082
1.984,1.4265909566106227
1.983,1.5606127124240476
1.982,1.5245593228017185
1.981,1.4777029663952874
1.98,1.431016767126403
1.979,1.4030288729784564
1.978,1.4117698899962932
1.977,1.4495799935005362
1.976,1.429514171230738
1.975,1.3946423047898142
1.974,1.2906444345024606
1.973,1.1555357666903825
1.972,1.0823142684404339
1.971,0.929981019338988
1.97,0.8302089392102556
1.969,0.7903114764027266
1.968,0.8284986535871725
1.967,0.8723132705938708
1.966,0.8386491863760606
1.965,0.9416873568355673
1.964,0.9798803581502099
1.963,1.0082310525541056
1.962,0.904112792906192
1.961,0.700091062534108
1.96,0.4661847926863494
1.959,0.3256833312890558
1.958,0.2289992758865688
1.957,0.1125323800339918
1.956,0.3153125537303949
1.955,0.35481116967264287
1.954,0.2807495369753155
1.953,0.20790728290211594
1.952,0.0523599824590761
1.951,-0.02364506906874053
1.95,-0.035545753636616
1.949,0.1739994826715091
1.948,0.24035317875674975
1.947,0.23829696671177356
1.946,0.3851960917000676
1.945,0.5260382648102557
1.944,0.6647616736806962
1.943,0.8342670914088507
1.942,0.9351178059466358
1.941,0.9717301335688063
1.94,1.3837373829123978
1.939,1.3754620788421392
1.938,1.373070352518786
1.937,1.2996282169799758
1.936,1.337856689774656
1.935,1.5573576013210404
1.934,1.681094184399794
1.933,1.5586357673851157
1.932,1.7105445571933715
1.931,1.6601042593132842
1.93,1.521668567825163
1.929,1.4660052042963894
1.928,1.548904681201647
1.927,1.5413121838142536
1.926,1.5340947516147212
1.925,1.565516616824463
1.924,1.6554222949151067
1.923,1.5954103167677653
1.922,1.4264266586537766
1.921,1.3954493108764598
1.92,1.3272511084350884
1.919,1.3130002845336743
1.918,1.3040955017253708
1.917,1.1765219258639699
1.916,1.050948296523098
1.915,1.005882997456649
1.914,0.9475596536589107
1.913,1.1236952381050056
1.912,1.1528412697074855
1.911,1.1846342098827343
1.91,1.2188606027857756
1.909,0.9295684405032222
1.908,0.8967035069058005
1.907,0.8016704002611793
1.906,0.6401209012758893
1.905,0.5835762097389459
1.904,0.6493203788594021
1.903,0.5808292507419531
1.902,0.47940744138298363
1.901,0.599474300468911
1.9,0.6085719178295851
1.899,0.7477202080827118
1.898,0.3283693472026862
1.897,0.5409923881551536
1.896,0.7372886210689152
1.895,0.6718020070243977
1.894,0.8020169584277742
1.893,0.6434074600909272
1.892,0.6845709102233397
1.891,0.7497453114777034
1.89,0.8603847584999221
1.889,0.8697234597896556
1.888,0.8479198389004984
1.887,0.9635841266095181
1.886,0.8367299061707902
1.885,0.8545772089929153
1.884,0.6917196114719737
1.883,0.8565984163318713
1.882,0.7994029303794354
1.881,0.8566247434942248
1.88,0.8491842329789334
1.879,0.9685212909506916
1.878,0.9414582025824809
1.877,0.7991959245595286
1.876,0.9937456701602282
1.875,0.9538218639396412
1.874,1.2571113021193714
1.873,0.8061743224276492
1.872,0.6731927869375098
1.871,0.5130432402700454
1.87,0.5712872171857698
1.869,0.5011394837265558
1.868,0.4178036063978406
1.867,0.2715258352343888
1.866,0.1872957966551836
1.865,0.11850942858852012
1.864,0.058213987179027656
1.863,-0.18258425073459145
1.862,-0.24080652614462916
1.861,-0.2971106864672624
1.86,-0.06499323024134367
1.859,-0.014427597084604848
1.858,-0.07530901200841852
1.857,0.02447647311456857
1.856,0.17351197215422562
1.855,0.41115951967010894
1.854,0.3707206617113008
1.853,0.45050345035223743
1.852,0.5851022993780728
1.851,0.7749995125386181
1.85,0.7695075955921056
1.849,1.0750108436084154
1.848,1.131453406019259
1.847,1.3352608817491634
1.846,1.4708226665299537
1.845,1.4454648315991254
1.844,1.496671378627446
1.843,1.2239036752146715
1.842,0.9609410982945576
1.841,0.8817668632595164
1.84,0.8921467797150305
1.839,0.9368241099064474
1.838,0.7592948786581941
1.837,0.5881181012656905
1.836,0.7032498418188778
1.835,0.8420613402389571
1.834,0.797628941816128
1.833,0.7544974087476398
1.832,1.1756817715482415
1.831,1.139507545683864
1.83,1.22359678186882
1.829,0.9048700168727967
1.828,1.1450156192068979
1.827,1.069914480825369
1.826,0.8859962379933066
1.825,0.8419861159060126
1.824,0.7603867535395042
1.823,0.6852620175785881
1.822,0.6143094414699092
1.821,0.2553093331681403
1.82,0.117516960698833
1.819,-0.060978311091585385
1.818,-0.2730961826100372
1.817,-0.10348139906183842
1.816,0.15986131031605427
1.815,0.31062253250249355
1.814,0.38969086516329327
1.813,0.4174642696060468
1.812,0.7212676977583984
1.811,0.635054461293409
1.81,0.7599274578999127
1.809,0.5863502421683583
1.808,0.5362266981838011
1.807,0.4839064684569171
1.806,0.4849822712208429
1.805,0.4178339866963974
1.804,0.27873027914532955
1.803,0.4043352867560776
1.802,0.23293631907482973
1.801,0.0876184154440795
1.8,-0.12797340002974864
1.799,-0.41962455829170625
1.798,-0.5117548656777656
1.797,-0.4986496313351307
1.796,-0.30539499871754555
1.795,-0.38111455612330875
1.794,-0.5979080363862281
1.793,-0.6036545697955314
1.792,-0.6424995986205659
1.791,-0.3650527423400783
1.79,-0.5088534654927581
1.789,-0.46087461223671855
1.788,-0.22938220718243332
1.787,0.0797789649229117
1.786,0.2650518714345848
1.785,0.410278996449534
1.784,0.5958018766943501
1.783,0.6918510893865709
1.782,0.7734916904142253
1.781,0.9690559550432075
1.78,1.1619408061239516
1.779,1.3941555450059304
1.778,1.4968645361395276
1.777,1.4440854497090299
1.776,1.4605150593234588
1.775,1.4153352452955088
1.774,1.3916399931765022
1.773,1.3387553989906915
1.772,1.0470839586478988
1.771,0.9851426930295514
1.77,0.7871678755824258
1.769,0.7725348109775659
1.768,0.7039730946266421
1.767,0.628606889610692
1.766,0.525121071030513
1.765,0.3641677406066395
1.764,0.1305591246480948
1.763,-0.14527362105678182
1.762,-0.3858894387716209
1.761,-0.28023764384706706
1.76,-0.1140362558640915
1.759,-0.13570380782949917
1.758,-0.14886665015493145
1.757,-0.2089623231172952
1.756,-0.15600883052306283
1.755,-0.4802467246082885
1.754,-0.2644375341536549
1.753,-0.11333236609162792
1.752,-0.26720864367030783
1.751,-0.432466616045163
1.75,-0.40440849309601734
1.749,-0.5607787881245564
1.748,-0.701788694578011
1.747,-0.6011644725969632
1.746,-0.5290375258965035
1.745,-0.47196053554234113
1.744,-0.3095233962586198
1.743,-0.21654221600439447
1.742,0.026465750043743526
1.741,0.6409015025003879
1.74,0.8447847278987533
1.739,0.9642684621093757
1.738,0.957832362633751
1.737,0.6983406775231821
1.736,0.34747951129803334
1.735,0.16509516491167867
1.734,-0.0017839049279117225
1.733,-0.02010029626479696
1.732,-0.0296160359931027
1.731,-0.1495807403191111
1.73,-0.20995296994340265
1.729,-0.07755601040152912
1.728,-0.010630702656820278
1.727,0.062300557140533834
1.726,0.11343989765504986
1.725,0.18156894009457444
1.724,0.15775761382784265
1.723,0.08343274113072588
1.722,0.16249736585399197
1.721,0.24297806481056203
1.72,0.3945064326585156
1.719,0.5496685964341214
1.718,0.49652342717044295
1.717,0.46217937567303446
1.716,0.27966285666876406
1.715,0.2536024769026927
1.714,0.028458669993197426
1.713,-0.06961237193704799
1.712,-0.19196118450564942
1.711,-0.29393433064768115
1.71,-0.3924363840318376
1.709,-0.2986377404627464
1.708,-0.2647132328695931
1.707,-0.21707467828642893
1.706,-0.30096048353673244
1.705,-0.42475232639364463
1.704,-0.47583426507866333
1.703,-0.5536650055508928
1.702,-0.38389990889220044
1.701,-0.3661231114752798
1.7,-0.3445007016556367
1.699,-0.28551247081683967
1.698,-0.18563153493314358
1.697,-0.04336427671384812
1.696,0.13293946618312483
1.695,0.24707110926411682
1.694,0.5155418207403878
1.693,0.5913332459227967
1.692,0.6042006829747633
1.691,0.5498334893979536
1.69,0.4052060380030265
1.689,0.22703585904385917
1.688,0.14197637576974692
1.687,0.14705940599042927
1.686,0.023945702895040437
1.685,-0.0717799606748921
1.684,0.11777542528982277
1.683,0.030468504301931883
1.682,-0.18450851901514448
1.681,-0.019749626118402676
1.68,-0.025837038752836116
1.679,-0.09802016228303681
1.678,-0.14827212633668999
1.677,-0.22640995427825272
1.676,-0.32854342135453074
1.675,-0.40213462360329705
1.674,-0.49085020630289883
1.673,-0.4959678901761925
1.672,-0.749283849978885
1.671,-0.5883042003197967
1.67,-0.5147100989431888
1.669,-0.7706117670419946
1.668,-1.098099705962191
1.667,-1.5244663846857005
1.666,-1.5711279668700981
1.665,-1.7288257862187788
1.664,-1.69466077549147
1.663,-1.6786387494562787
1.662,-1.66774696743099
1.661,-1.7108863045214209
1.66,-1.333356942735086
1.659,-1.2254669355016679
1.658,-1.2164719343716606
1.657,-1.0513578213007653
1.656,-0.9716891456926353
1.655,-1.0186915170886557
1.654,-0.8923692965069486
1.653,-0.7507738963055556
1.652,-0.6834540666016415
1.651,-0.6020021572964339
1.65,-0.5807785793052291
1.649,-0.5993417930443878
1.648,-0.4790942828100979
1.647,-0.39950586845599184
1.646,-0.3604849212488063
1.645,-0.27739883174817737
1.644,-0.24592079371410258
1.643,-0.12764226431616482
1.642,-0.07554578257018868
1.641,-0.07502189987509185
1.64,-0.05025787053938776
1.639,0.03421307070608546
1.638,0.15112563659770384
1.637,0.22878171053477872
1.636,0.30902255192142364
1.635,0.5110311631131169
1.634,0.5267919495691576
1.633,0.6467754075807995
1.632,0.6886837229966859
1.631,0.6928321278801824
1.63,0.6699155932018896
1.629,0.5141907374724093
1.628,0.3308871668111409
1.627,0.23030107589470164
1.626,0.10123536112917009
1.625,0.13302923829569888
1.624,0.2642333554871179
1.623,0.40321668217195655
1.622,0.4304183774481978
1.621,0.4473210313039565
1.62,0.5405865752361673
1.619,0.5995614341508562
1.618,0.7166199229647694
1.617,0.7826079224440116
1.616,0.8248557477248966
1.615,0.8523760097275863
1.614,0.8426216870177441
1.613,0.7961061754090415
1.612,0.8532322917864107
1.611,0.8314342046600598
1.61,0.7943456143321422
1.609,0.8377090108180364
1.608,0.866022301001192
1.607,0.8426043059578204
1.606,0.8249915911335579
1.605,0.8501043229292234
1.604,0.7337063724544015
1.603,0.7113406330781628
1.602,0.6330742329493473
1.601,0.5598105410744302
1.6,0.5058813288930039
1.599,0.4441848694092129
1.598,0.3344562797883418
1.597,0.25518210147864484
1.596,0.2522852833473151
1.595,0.2934557174477301
1.594,0.29071136638729744
1.593,0.08456084845702727
1.592,-0.17371438405672956
1.591,-0.2920364525883396
1.59,-0.06691520866802936
1.589,0.004244952857024212
1.588,-0.035480989654547324
1.587,0.09478636176716349
1.586,0.19637323957659122
1.585,0.2571905305029872
1.584,0.09733635840416313
1.583,-0.0999831291289188
1.582,-0.31322753755983385
1.581,-0.4055052438431556
1.58,-0.5832640168791725
1.579,-0.6488441080426134
1.578,-0.6954001261466163
1.577,-0.29457087828419354
1.576,-0.34253893501293686
1.575,-0.5402731424567503
1.574,-0.36287649030096913
1.573,-0.16629372578694104
1.572,-0.0905220503835178
1.571,0.12934427715516664
1.57,0.1878009391985603
1.569,0.3909873899511338
1.568,0.4444827966284953
1.567,0.5907140825476963
1.566,0.7079055996109916
1.565,0.6497549769910599
1.564,0.7430959223452485
1.563,0.6294488692046173
1.562,0.6058872096105554
1.561,0.6117111645894169
1.56,0.5737019000001925
1.559,0.4657481900203787
1.558,0.20862469994202057
1.557,-0.21100648470051672
1.556,-0.3582667657197104
1.555,-0.3454386317751961
1.554,-0.3310767622133963
1.553,-0.28844995059418943
1.552,-0.14302915929607268
1.551,-0.04984893759216391
1.55,-0.4932217553060233
1.549,-0.7724640485669311
1.548,-0.9740487206941423
1.547,-1.0501403066421047
1.546,-1.021937218721302
1.545,-1.161058664416594
1.544,-1.269137438947908
1.543,-1.2548607736902486
1.542,-1.266559052115656
1.541,-1.3247069239687217
1.54,-1.2672095942727915
1.539,-1.4051712330225867
1.538,-1.5398664378714626
1.537,-1.5571742987628263
1.536,-1.305728962380558
1.535,-1.300029310032109
1.534,-1.235903262375336
1.533,-1.0626388086328844
1.532,-0.8561391721898614
1.531,-0.7818093864257879
1.53,-0.4680038380974787
1.529,-0.38117094955885356
1.528,0.09966519829966725
1.527,-0.007930243830149907
1.526,0.06536225138706866
1.525,0.11605151188529997
1.524,0.2530284579922249
1.523,0.24692915282053826
1.522,0.21737695237525975
1.521,0.4490580532952878
1.52,0.3888241076905394
1.519,0.423908897935846
1.518,0.39314499010650616
1.517,0.2713251331324379
1.516,0.2942180618489064
1.515,0.27696104658135823
1.514,0.23132012931942894
1.513,0.13065428424260872
1.512,-0.0018092229316481398
1.511,-0.2179886435134687
1.51,-0.2712569005844219
1.509,-0.37682045629061117
1.508,-0.45461745795091246
1.507,-0.48397061240350703
1.506,-0.5795733295513299
1.505,-0.6329974118783297
1.504,-0.6006478459844344
1.503,-0.5748830808414409
1.502,-0.4732226809533258
1.501,-0.4596615573316996
1.5,-0.46318258582560295
1.499,-0.5708080332789404
1.498,-0.5312775222656013
1.497,-0.4211263666357721
1.496,-0.07150296030514866
1.495,0.066544785713535
1.494,0.2097375756846669
1.493,0.3810064125282167
1.492,0.534172956415088
1.491,0.7247686014262864
1.49,0.8940149497519099
1.489,1.1236539317378984
1.488,1.3283030480183873
1.487,1.4146893613770106
1.486,1.3659949497184762
1.485,1.3554547548777127
1.484,1.2536946045026407
1.483,1.1392096087974957
1.482,1.1193340284123026
1.481,1.0304018031795057
1.48,0.8781829581378731
1.479,0.8874385276157858
1.478,0.7990065389762504
1.477,0.642831574012716
1.476,0.46529028941359063
1.475,0.3044017731223485
1.474,0.1272174827866322
1.473,0.027031284472215207
1.472,-0.07135576236074834
1.471,-0.1583287077104728
1.47,-0.30456388280543306
1.469,-0.40373719207521
1.468,-0.6071498141795415
1.467,-0.7194679178443613
1.466,-0.8073911749511339
1.465,-1.0408401970160353
1.464,-1.2257551898008952
1.463,-1.3594822429024378
1.462,-1.462752153350891
1.461,-1.3616476529784254
1.46,-1.2087417931083837
1.459,-1.2414576512557347
1.458,-1.0732672243665677
1.457,-1.0101335975077588
1.456,-1.0863864316041287
1.455,-1.1926558152530706
1.454,-0.8079265291485641
1.453,-0.5210707705073894
1.452,0.10437157247893261
1.451,0.4673489191150967
1.45,0.772105022281076
1.449,1.0787779452440391
1.448,1.2215036234629366
1.447,1.3179494364206394
1.446,1.345275895358965
1.445,1.3814576177132822
1.444,1.2872059802369697
1.443,1.2764867966984328
1.442,1.242536255077687
1.441,1.253551058025339
1.44,1.1247881620207532
1.439,1.1098205571831015
1.438,1.0850848469533956
1.437,1.1000543537135463
1.436,1.0187523762977038
1.435,1.0993153935896576
1.434,1.0418807060313537
1.433,0.7761958660918289
1.432,0.684285068575221
1.431,0.5423564641654758
1.43,0.3071872415302483
1.429,0.3738998456062531
1.428,0.390060811500813
1.427,0.3095396412255361
1.426,0.2761354229028217
1.425,0.2524289552757931
1.424,0.12920124818638012
1.423,0.08305964692649193
1.422,0.08896692716267193
1.421,0.04593585680084094
1.42,-0.056769898024374724
1.419,-0.1311185585668072
1.418,-0.07444460402273431
1.417,0.11252276548734502
1.416,-0.05565325886880119
1.415,-0.2835776657180885
1.414,-0.29199023903164767
1.413,-0.6363052070328261
1.412,-0.6482250055676986
1.411,-0.5477739032105953
1.41,-0.48643147030127487
1.409,-0.514019514800413
1.408,-0.8301085731995007
1.407,-0.8751608191356355
1.406,-0.6954889305747259
1.405,-0.4353303794144331
1.404,-0.1393424793775191
1.403,0.020477754973317164
1.402,0.034686614659513594
1.401,0.05572491807211686
1.4,0.07394481656348165
1.399,0.17589966870357032
1.398,0.20565581882579037
1.397,0.061556590835817
1.396,-0.10726159777930355
1.395,-0.2401487985727401
1.394,-0.07681471795834169
1.393,0.00045247941073481984
1.392,-0.08322707183749067
1.391,-0.2356173427214157
1.39,-0.4878082652445256
1.389,-0.6853307133923092
1.388,-0.704900353359777
1.387,-0.7430127260159106
1.386,-0.8721333430577722
1.385,-1.2924288299172477
1.384,-1.5045028440146193
1.383,-1.4787789025104563
1.382,-1.7504745471630812
1.381,-1.8518960150133617
1.38,-1.836072391576343
1.379,-1.8089763947985469
1.378,-1.7350993440886522
1.377,-1.8632359455168859
1.376,-1.825584019300309
1.375,-1.6185531314003656
1.374,-1.683465275669601
1.373,-1.465282810224376
1.372,-1.2651675464289684
1.371,-0.9074802092152496
1.37,-0.6040134701934521
1.369,-0.1700373747895505
1.368,0.02101082783053569
1.367,0.20127330257482784
1.366,0.5865839501161033
1.365,0.8206963067723952
1.364,1.0910882588007782
1.363,1.3268042827550077
1.362,1.4401982187885516
1.361,1.466677346531898
1.36,1.4577359533058205
1.359,1.5030221505581767
1.358,1.4717287317171321
1.357,1.3434001985438628
1.356,1.3789587971984933
1.355,1.4291871680733172
1.354,1.1665450575581047
1.353,0.8917082287223195
1.352,0.6410366468597403
1.351,0.3662587095746149
1.35,0.4282451967988267
1.349,0.27992118368899255
1.348,0.08207249943706099
1.347,-0.11621400587389963
1.346,-0.3317548750040715
1.345,-0.46642390131685746
1.344,-0.9689001072327238
1.343,-1.157628960641773
1.342,-1.289159342188247
1.341,-1.2706083518051343
1.34,-1.3436456298035087
1.339,-1.3444887864761808
1.338,-1.3106826732707852
1.337,-1.190935474778859
1.336,-0.8853109719939221
1.335,-1.1125166247003409
1.334,-1.2394414499155062
1.333,-0.9336293042181391
1.332,-0.6848281576648054
1.331,-0.6192939380471904
1.33,-0.5840046506481659
1.329,-0.5072741430965575
1.328,-0.3772436725844092
1.327,-0.3186990439402514
1.326,-0.4296228044236158
1.325,-0.33296416468575674
1.324,-0.2829748162628031
1.323,-0.15876072911025849
1.322,0.0027554206522031194
1.321,0.1601664876497836
1.32,0.3338881998964593
1.319,0.5430027095367007
1.318,0.5739213293092255
1.317,0.5340163035211225
1.316,0.5094707681018601
1.315,0.34906009660279547
1.314,0.15013894565593325
1.313,-0.08708798144453475
1.312,-0.16172453063964642
1.311,-0.33463051625750556
1.31,-0.35614988511082846
1.309,-0.524860672066255
1.308,-0.7132207809573949
1.307,-0.8452722834377621
1.306,-0.9675314997699562
1.305,-1.1882591928112864
1.304,-1.3063953244364268
1.303,-1.4199482083001205
1.302,-1.5164431161905436
1.301,-1.6350901619476006
1.3,-1.7048850356571688
1.299,-1.8079610033618423
1.298,-1.9130157706466324
1.297,-1.747637947756909
1.296,-1.786242618583451
1.295,-1.8258228729814598
1.294,-1.7571827701478506
1.293,-1.5615337643014806
1.292,-1.3537621268348952
1.291,-1.3676997030196663
1.29,-1.6367768934008142
1.289,-1.4806964449772526
1.288,-1.3428001638966356
1.287,-1.2782714374257382
1.286,-1.5071640198029086
1.285,-1.478147674018842
1.284,-1.4388822420081984
1.283,-1.2614929509360644
1.282,-1.213550383103422
1.281,-0.9186220412312076
1.28,-0.7556598612240709
1.279,-1.0101245497126183
1.278,-0.9136673513622241
1.277,-1.110871229976962
1.276,-1.1216719110897357
1.275,-1.2666514928243737
1.274,-1.295920895201377
1.273,-1.4711442938512203
1.272,-1.5731464944775875
1.271,-1.8263716076691192
1.27,-1.9799305111033445
1.269,-2.216297154623168
1.268,-2.209622248545661
1.267,-2.2990980413723157
1.266,-2.415634195733277
1.265,-2.6562154556342352
1.264,-3.0515726264726903
1.263,-3.2963374915866583
1.262,-3.298555889892745
1.261,-3.3708092027569627
1.26,-3.133797400533717
1.259,-3.355507175691831
1.258,-3.34559703617284
1.257,-3.493836161711646
1.256,-3.472476914749494
1.255,-3.416902414795375
1.254,-3.245562831697522
1.253,-3.126414605250174
1.252,-2.770291434537894
1.251,-2.8760351803703834
1.25,-3.1286812827559656
1.249,-3.0468160765238186
1.248,-2.939218399381444
1.247,-2.680744965025382
1.246,-2.444094984189125
1.245,-1.8837269564630303
1.244,-1.3860739972050642
1.243,-1.0394438437394073
1.242,-0.6101019593115896
1.241,-0.24784189766859233
1.24,-0.086132137947722
1.239,-0.025265774339693618
1.238,0.12577499750946186
1.237,0.31312876458733135
1.236,0.33412996006831674
1.235,0.37374068534458643
1.234,0.3783294892050612
1.233,0.40277443494691223
1.232,0.4268340180055824
1.231,0.2522848444742204
1.23,-0.25103650961151974
1.229,-0.42171801480933696
1.228,-0.658662668800705
1.227,-0.7057788173824528
1.226,-0.9537744656489662
1.225,-1.222810848134085
1.224,-1.4302020607488888
1.223,-1.599756134713288
1.222,-1.7972635843425135
1.221,-2.0169354760668825
1.22,-2.102616328514034
1.219,-2.000570203652645
1.218,-1.965255833581111
1.217,-2.121816419422406
1.216,-1.984513764342417
1.215,-1.7929566342234133
1.214,-1.484309194686027
1.213,-1.4943158874461189
1.212,-1.2916033233668665
1.211,-1.3517232361399192
1.21,-1.4893364302868486
1.209,-1.4273645432685371
1.208,-1.6239548648066628
1.207,-1.7788078577405952
1.206,-1.972230050850647
1.205,-2.001951645120061
1.204,-2.0505809665935453
1.203,-2.0943763838049283
1.202,-2.027569206469835
1.201,-2.042663673547666
1.2,-2.1009029358581706
1.199,-1.863232592589625
1.198,-1.631769285621401
1.197,-1.2228189107315335
1.196,-1.120381344022529
1.195,-0.9584491624276859
1.194,-0.6061690912528777
1.193,-0.4766592862729857
1.192,-0.096060993304893
1.191,0.07922001383584545
1.19,0.5146356423091077
1.189,0.5545556429195004
1.188,0.66514640613546
1.187,0.6741771532098261
1.186,0.669686547341501
1.185,0.7217352226300289
1.184,0.6763382142815217
1.183,0.7539509659769971
1.182,0.6888414912885155
1.181,0.6083027917814716
1.18,0.41049355149308075
1.179,0.37797154531764543
1.178,0.33272916550394627
1.177,0.3942145298941521
1.176,0.3935294058726301
1.175,0.3792024626437795
1.174,0.4634738174096017
1.173,0.41160292419351713
1.172,0.3962530075296695
1.171,0.37514759569627637
1.17,0.4486812411775826
1.169,0.4397326662304082
1.168,0.3015369747624409
1.167,0.31076533302440074
1.166,0.2904999795495583
1.165,0.20856299452676255
1.164,0.16736740262085403
1.163,0.19969837618253236
1.162,0.038498941626480924
1.161,-0.09136168920977725
1.16,-0.12361514476745591
1.159,-0.14187580575547912
1.158,-0.2420299955414471
1.157,-0.36397712354036593
1.156,-0.49468066401239474
1.155,-0.712672391886626
1.154,-0.8368287472334425
1.153,-1.0071620272304451
1.152,-1.0025932190366347
1.151,-0.806137961581683
1.15,-0.886229398460429
1.149,-1.0083843730484205
1.148,-1.2602162378871546
1.147,-1.4896155703566727
1.146,-1.7776800307735714
1.145,-1.967332131700121
1.144,-2.0488827527458895
1.143,-2.1148742283423623
1.142,-2.2916454873471213
1.141,-2.2617020852464313
1.14,-2.673947462806
1.139,-2.9465576496488093
1.138,-3.152246513630634
1.137,-2.9257323772772272
1.136,-2.9187083364887676
1.135,-2.5808090842505873
1.134,-3.1978252600908545
1.133,-3.4336547468937604
1.132,-3.219190393046692
1.131,-2.996846097765261
1.13,-3.0008425552504976
1.129,-2.893587136435864
1.128,-2.7996781559216233
1.127,-2.844547876436101
1.126,-2.9709343866660234
1.125,-3.16658588509217
1.124,-3.2492160725084536
1.123,-3.2927471772214854
1.122,-3.1562762700336306
1.121,-2.8408864249286547
1.12,-2.529238372756214
1.119,-2.4120894325101694
1.118,-2.1583728632427865
1.117,-2.1193425366767857
1.116,-1.984369279508842
1.115,-1.7700125602680565
1.114,-1.658549978195245
1.113,-1.5129333788545887
1.112,-1.2781320033138948
1.111,-1.0761546369119295
1.11,-0.696221129062802
1.109,-1.2669207078099851
1.108,-1.3262394302879457
1.107,-1.6535970895363117
1.106,-1.8042707098676387
1.105,-2.185121689772222
1.104,-2.434930647450813
1.103,-2.5584727502568003
1.102,-2.404379391188089
1.101,-2.2453779276240984
1.1,-2.2512299037718044
1.099,-2.496423585986531
1.098,-2.237327743726011
1.097,-2.4343493565268677
1.096,-2.3897744352805406
1.095,-2.204597967926499
1.094,-1.9156293090042258
1.093,-1.6257048571249402
1.092,-1.2286994360370915
1.091,-1.1574854479850551
1.09,-1.1396481147317954
1.089,-0.9204170044294967
1.088,-0.8271955701392485
1.087,-0.444077715508893
1.086,-0.24237954930821615
1.085,0.19416680183828033
1.084,0.2480577286815633
1.083,0.3971228453855701
1.082,0.5322825973919244
1.081,0.5637347211490521
1.08,0.5030665126164942
1.079,0.4016428175072558
1.078,0.29613780964148406
1.077,0.2322685691405363
1.076,0.348643292054461
1.075,0.3299037241143689
1.074,0.2641738223710368
1.073,0.3094470017161306
1.072,0.27637267975617624
1.071,0.27069173023184306
1.07,0.310061559633069
1.069,0.25822354768502664
1.068,0.10346981436736141
1.067,-0.08814733184156548
1.066,-0.31083310963025584
1.065,-0.6694140535487997
1.064,-1.0092774442242098
1.063,-1.3397356522966684
1.062,-1.602457972794939
1.061,-1.9639072043566659
1.06,-2.2408257676167556
1.059,-2.3134951849208014
1.058,-2.3135139977779353
1.057,-2.440735199567034
1.056,-2.706183246984359
1.055,-2.5562560699308756
1.054,-2.8606494885063265
1.053,-2.8952712150346
1.052,-3.0340774990914388
1.051,-2.904682149523254
1.05,-2.8928306284851635
1.049,-2.9061984796263003
1.048,-2.834593926499546
1.047,-2.6644305527429597
1.046,-2.528228913078733
1.045,-2.3893520091935865
1.044,-2.4202231620066836
1.043,-2.5604617753052645
1.042,-2.6801864474423502
1.041,-2.830830964885
1.04,-2.6361980293027494
1.039,-2.789132571080587
1.038,-2.6614885176589884
1.037,-2.3802011483011265
1.036,-2.243479909732466
1.035,-1.960273712087556
1.034,-1.7654588798783097
1.033,-1.5967743598621615
1.032,-1.3793962970539524
1.031,-1.19866328885647
1.03,-1.0377378869638836
1.029,-0.892646042283071
1.028,-0.8937549899107344
1.027,-0.8999689787318438
1.026,-1.039060050387845
1.025,-1.157085909248413
1.024,-1.285571744971623
1.023,-1.310367665757926
1.022,-1.2469605273886568
1.021,-1.467507925362414
1.02,-1.6710059653222868
1.019,-1.7178848083179268
1.018,-1.9405613922274565
1.017,-2.029341997232712
1.016,-2.2372234880359736
1.015,-2.3196036299182947
1.014,-2.5301867908039104
1.013,-2.5369484389030346
1.012,-2.69214861396848
1.011,-2.643018581363314
1.01,-2.693540145696152
1.009,-2.5946225511714776
1.008,-2.5128361741722114
1.007,-2.368289158129823
1.006,-2.3496764403376553
1.005,-2.401527759003238
1.004,-2.4078989902740595
1.003,-2.2390375484885334
1.002,-1.864668116697883
1.001,-1.9035661974700284
1.0,-1.9537706505594796
0.999,-1.9185865405785671
0.998,-1.9916123290684684
0.997,-2.094029690849996
0.996,-2.1493527366135265
0.995,-2.3809914922796085
0.994,-2.5198796081330777
0.993,-2.8810012195000474
0.992,-2.996515034018887
0.991,-3.2095477793324245
0.99,-3.150869199047341
0.989,-3.0556665699204655
0.988,-3.180813889704245
0.987,-3.425943239397103
0.986,-3.479953751290556
0.985,-3.4611216828080056
0.984,-3.466056037377325
0.983,-3.4945979614296716
0.982,-3.086959677940248
0.981,-2.890840969568025
0.98,-2.783438431277652
0.979,-2.5974264455273817
0.978,-2.5995660754149412
0.977,-2.6335270120507377
0.976,-2.778428630103548
0.975,-2.769510413476114
0.974,-2.828761685807718
0.973,-2.8155305076749695
0.972,-2.664096357149204
0.971,-2.899840484333115
0.97,-3.025763467339966
0.969,-3.2464808845325317
0.968,-3.167984240385367
0.967,-2.9006665024414815
0.966,-2.918234889267073
0.965,-2.93194036954469
0.964,-2.8293758627210597
0.963,-2.5135849102203305
0.962,-2.251679532761564
0.961,-2.104411682751583
0.96,-1.823740668785878
0.959,-1.7859145427106138
0.958,-1.8734547486444546
0.957,-1.6431289786883312
0.956,-1.3712874178821504
0.955,-1.3134089318287423
0.954,-1.2864434939835985
0.953,-1.2131188172164813
0.952,-1.2458257753871942
0.951,-1.232466472854505
0.95,-1.2849667666090239
0.949,-1.5709578447858412
0.948,-1.7606340906998195
0.947,-1.851165394844541
0.946,-2.1046438230659588
0.945,-2.254464937289503
0.944,-2.489661713678533
0.943,-2.6158669229069487
0.942,-2.934953606084015
0.941,-3.2161260553331887
0.94,-3.343315491917916
0.939,-3.1994836888087534
0.938,-3.4283857519589604
0.937,-3.672591678159789
0.936,-3.8065101032199635
0.935,-3.912913504389147
0.934,-4.014528147709335
0.933,-4.408865794701224
0.932,-4.942624054623753
0.931,-5.218902488821224
0.93,-5.331072852433093
0.929,-5.645960456136097
0.928,-5.845427739478418
0.927,-5.934225281308225
0.926,-5.82176592607209
0.925,-5.9657542382703195
0.924,-6.197171520713848
0.923,-6.30288274609539
0.922,-6.356239831081414
0.921,-6.1995777076819
0.92,-5.925862486633957
0.919,-5.7849994932049436
0.918,-5.497404644378163
0.917,-5.3327254923486
0.916,-4.8048499705563374
0.915,-4.409377832287061
0.914,-4.148260798553883
0.913,-4.14094849617198
0.912,-3.850791717128305
0.911,-3.6235769310843557
0.91,-3.7685358909633626
0.909,-3.849826137370125
0.908,-3.8977420485378618
0.907,-3.9914746254186664
0.906,-3.9616702445346252
0.905,-3.996606063017979
0.904,-3.9772819782947217
0.903,-4.116804939319544
0.902,-4.424730931396764
0.901,-4.521946479639058
0.9,-4.772728335646431
0.899,-4.814882368337199
0.898,-5.054386795461591
0.897,-5.13480432849602
0.896,-5.174361002583568
0.895,-5.146423165421227
0.894,-5.214425189770155
0.893,-5.325708072093626
0.892,-5.412923018128064
0.891,-5.497662262634247
0.89,-5.948686995892117
0.889,-6.142409861845851
0.888,-6.608058381585601
0.887,-6.424553402435184
0.886,-6.780899502076907
0.885,-6.828845854913643
0.884,-6.669401474795549
0.883,-6.589286062624316
0.882,-6.495097750229568
0.881,-6.704581167238442
0.88,-6.14497469014424
0.879,-6.03098807576387
0.878,-5.5900103636069485
0.877,-5.758020898270272
0.876,-5.831731757210041
0.875,-5.870585624375765
0.874,-6.085617339348459
0.873,-5.984555569993826
0.872,-5.967105175809025
0.871,-5.716330052917388
0.87,-5.441283380950007
0.869,-5.3434586082271585
0.868,-4.986106486332663
0.867,-4.973865306786661
0.866,-4.480651511262994
0.865,-4.129415434694978
0.864,-3.4381328842672962
0.863,-2.9332636542873907
0.862,-2.452684051994925
0.861,-1.8845090020244526
0.86,-1.4728694944156462
0.859,-1.4257404109181242
0.858,-1.2982250235539452
0.857,-1.3285377548040875
0.856,-1.5436098919080985
0.855,-1.596570458882333
0.854,-1.8356768416609632
0.853,-2.1165947972577994
0.852,-2.4444651306335183
0.851,-2.602118969775269
0.85,-2.1305610367096723
0.849,-2.0353971157779833
0.848,-1.8858430656859393
0.847,-1.833884709399314
0.846,-1.7681061584710256
0.845,-1.7590370395170287
0.844,-1.7717456093853874
0.843,-2.056660173831238
0.842,-2.1013719955230328
0.841,-2.4268473062041003
0.84,-2.6389347070799407
0.839,-2.7635735861275617
0.838,-2.805556134829985
0.837,-2.9082577858388095
0.836,-2.8782755327437233
0.835,-2.9925689627674337
0.834,-2.946345964414684
0.833,-3.105961914578081
0.832,-3.4197949634976674
0.831,-3.448583978076986
0.83,-3.754133075697177
0.829,-3.685948068945658
0.828,-3.685601953542158
0.827,-3.527651750669449
0.826,-3.5540267522151434
0.825,-3.4819017660154565
0.824,-3.387270359232203
0.823,-3.353245905183672
0.822,-3.4346605992828474
0.821,-3.630061160784817
0.82,-3.7408969724744217
0.819,-4.063706461142043
0.818,-4.364425622939651
0.817,-4.444921186060074
0.816,-4.471378615439862
0.815,-4.52524305046073
0.814,-4.58722429643991
0.813,-4.75143631181392
0.812,-4.759783919370463
0.811,-4.981575555938749
0.81,-5.654290643207014
0.809,-6.425669566603131
0.808,-6.591680707820296
0.807,-6.85182203777249
0.806,-7.078680882262401
0.805,-7.1929886532953535
0.804,-6.992095808999272
0.803,-7.099911632099099
0.802,-7.096124864426424
0.801,-7.4259153314173885
0.8,-6.853943768350707
0.799,-7.011052084375512
0.798,-6.618725125976966
0.797,-7.189953677159038
0.796,-7.302743624044175
0.795,-7.058270288337822
0.794,-6.737038509291962
0.793,-5.619167930836362
0.792,-4.788601989882244
0.791,-4.631182793908386
0.79,-4.124625591256167
0.789,-3.553097606575476
0.788,-2.9500164995715243
0.787,-2.623499783565911
0.786,-2.3175798776324954
0.785,-1.928173353434915
0.784,-1.564753044257412
0.783,-1.4452333236369028
0.782,-1.5152647136103397
0.781,-1.7111167212335554
0.78,-2.0054044401640847
0.779,-2.3000461132181718
0.778,-1.9499867419780652
0.777,-2.371617553809818
0.776,-2.575324771320923
0.775,-2.9083116553857784
0.774,-3.134050645341329
0.773,-3.3332113141463555
0.772,-3.452720007033937
0.771,-3.604389577061502
0.77,-3.66125964872269
0.769,-3.5697995194869936
0.768,-3.4627676736535453
0.767,-3.4750814591174635
0.766,-3.4631078514579983
0.765,-3.508890385724684
0.764,-3.2635092992647547
0.763,-3.489326354757896
0.762,-3.4132504436559987
0.761,-3.7565845844876744
0.76,-4.095626036781087
0.759,-4.496119303930186
0.758,-4.22444308181784
0.757,-4.292448594576265
0.756,-3.9591402071032418
0.755,-4.231677458984412
0.754,-4.124788580680642
0.753,-4.1915917904373705
0.752,-4.097642247014442
0.751,-4.08667729084786
0.75,-4.158677155040118
0.749,-4.353846359106845
0.748,-4.621776262832352
0.747,-4.726261232946213
0.746,-4.569345750156787
0.745,-4.274179883967813
0.744,-4.1394555900205035
0.743,-3.9554389729710255
0.742,-3.859681284765169
0.741,-3.6875033746471417
0.74,-3.5130415654438982
0.739,-3.3989648136402937
0.738,-3.376623158475859
0.737,-3.443838145936747
0.736,-3.5874763551309807
0.735,-3.8224916300976632
0.734,-3.900500655032641
0.733,-4.053607183514586
0.732,-3.971307236938349
0.731,-4.058937982685936
0.73,-4.3085262658748595
0.729,-4.486922041147739
0.728,-4.625923970179218
0.727,-4.669717835771137
0.726,-4.620315168767417
0.725,-4.5039218561300345
0.724,-4.5954212929444855
0.723,-4.670893827444459
0.722,-4.87801694166821
0.721,-4.938201481431366
0.72,-5.038414005307298
0.719,-5.104912101950687
0.718,-5.060027491072379
0.717,-5.017576580603175
0.716,-4.927840188029983
0.715,-5.0030761178119745
0.714,-4.0663903652727
0.713,-3.851040953699688
0.712,-3.646446096740079
0.711,-3.0080653496141747
0.71,-2.695380804057641
0.709,-2.3738857795718267
0.708,-2.1221840905759732
0.707,-1.7290960450770843
0.706,-1.5672130397938584
0.705,-1.6064442811952788
0.704,-1.8326825221589191
0.703,-2.028546585932639
0.702,-1.7404223176342382
0.701,-1.7864615905317713
0.7,-1.7521136666396246
0.699,-1.9096400972511753
0.698,-2.093948766682688
0.697,-2.3825690380574978
0.696,-2.4562561187278362
0.695,-2.449461787149956
0.694,-2.4930019006724136
0.693,-1.5761524396709379
0.692,-1.9670697015222136
0.691,-1.9781572236402911
0.69,-1.7415375771729693
0.689,-1.7785099794753274
0.688,-2.6655825547113006
0.687,-3.199096911425081
0.686,-3.74102152480752
0.685,-3.7100703932980594
0.684,-3.4979883357259087
0.683,-3.489183610992898
0.682,-3.906932000610284
0.681,-4.0765148788384575
0.68,-4.176392963525629
0.679,-4.196783183514654
0.678,-4.317603777401207
0.677,-4.469288957469451
0.676,-4.7577027694256016
0.675,-4.688865246577912
0.674,-4.945527712556688
0.673,-5.134677501447618
0.672,-4.92285528656124
0.671,-4.900849621858151
0.67,-4.857711285711086
0.669,-4.86270622807393
0.668,-4.6684315034900905
0.667,-4.677057636769668
0.666,-4.5333696264369365
0.665,-4.633553846944629
0.664,-4.689646723844391
0.663,-4.754976403839682
0.662,-4.682767465319144
0.661,-4.620728936955033
0.66,-4.554522802093412
0.659,-4.532190045831846
0.658,-4.471109122021283
0.657,-4.268023547519246
0.656,-4.2536685010736015
0.655,-4.487825946836311
0.654,-4.550465516472821
0.653,-4.680327872618916
0.652,-4.922336841948724
0.651,-4.458970088562902
0.65,-4.541590254518472
0.649,-4.365659554679943
0.648,-4.301135977913398
0.647,-4.325172503590301
0.646,-4.293710783729807
0.645,-3.9809097811558605
0.644,-4.4372280923256335
0.643,-4.4814852780732775
0.642,-4.703910241742773
0.641,-4.719293974629071
0.64,-4.771942594034076
0.639,-4.883953939702182
0.638,-4.907602236703587
0.637,-5.190043215123817
0.636,-5.0842875726912204
0.635,-5.119902652253715
0.634,-5.152725920539749
0.633,-5.117322560596494
0.632,-5.183122559114329
0.631,-5.2353827936310005
0.63,-5.169193564093968
0.629,-5.075143444010132
0.628,-4.8883691960058835
0.627,-4.704877820952605
0.626,-4.585789640857401
0.625,-4.3728772237503355
0.624,-3.984610297841067
0.623,-3.5882381296752204
0.622,-3.292458315675462
0.621,-2.985092791481355
0.62,-2.8080355572892106
0.619,-2.672984857069801
0.618,-2.5054591699468016
0.617,-2.576820535878497
0.616,-2.3792683895049596
0.615,-2.0536609002446937
0.614,-1.870321657586808
0.613,-1.7310985152993763
0.612,-1.689496572319844
0.611,-1.5935927780015748
0.61,-1.4765509316962637
0.609,-1.4466620970236908
0.608,-1.2887805193664608
0.607,-1.0986784067887643
0.606,-1.0955569275476194
0.605,-1.1690657505047348
0.604,-1.2607641942926109
0.603,-1.30336073819816
0.602,-1.4540760828745682
0.601,-1.463723811614527
0.6,-1.7924284039025329
0.599,-1.7909534906925249
0.598,-1.843913179000995
0.597,-1.719130867583194
0.596,-1.7165225223119742
0.595,-1.9771571967706323
0.594,-2.2462021149061835
0.593,-2.4889161123767822
0.592,-2.624884811583823
0.591,-2.2801352700258604
0.59,-2.202011602914792
0.589,-2.422528682605899
0.588,-2.523898418591572
0.587,-2.4506106134726497
0.586,-2.337245907841991
0.585,-2.3423184316196757
0.584,-2.3183659989147434
0.583,-2.611162139746024
0.582,-2.6590277107928975
0.581,-2.6446062506818695
0.58,-2.3389061686714294
0.579,-2.0686692434683156
0.578,-1.9891090846028232
0.577,-1.828181620072853
0.576,-1.8123225581881042
0.575,-1.8267052267315727
0.574,-2.0130985177238525
0.573,-2.1711526114366397
0.572,-2.52740414442997
0.571,-2.5912994372349543
0.57,-2.556186686967476
0.569,-2.544170327007373
0.568,-2.3803520412026042
0.567,-2.424521336217135
0.566,-2.6579950485795676
0.565,-2.8346003133168773
0.564,-3.1504722404624954
0.563,-3.3793746319460065
0.562,-3.508883693015047
0.561,-3.6608215266723763
0.56,-3.611892811486482
0.559,-3.9203391685703037
0.558,-3.9155450676918306
0.557,-4.238981777222504
0.556,-4.151751690317099
0.555,-4.18554956909566
0.554,-4.052484281739584
0.553,-4.363696239217388
0.552,-4.561705423746905
0.551,-4.6477064069228415
0.55,-4.654755055310797
0.549,-4.739152800144989
0.548,-4.71530764128845
0.547,-4.803506661154062
0.546,-4.86298329022992
0.545,-5.122773414397739
0.544,-5.379824176140199
0.543,-5.227341648703798
0.542,-5.6923775645322925
0.541,-5.640683133256566
0.54,-5.437667621630439
0.539,-5.469019372686435
0.538,-5.299401198524334
0.537,-5.222596217883262
0.536,-5.154937201202666
0.535,-5.037244721335453
0.534,-4.837138236297439
0.533,-4.650784118316771
0.532,-4.315037666567194
0.531,-4.3213469276610965
0.53,-4.193460641855987
0.529,-3.8972226187101255
0.528,-4.040371532289218
0.527,-3.8701810399053773
0.526,-3.750739762468167
0.525,-3.7591551531847442
0.524,-3.65936251628054
0.523,-3.6147734810349275
0.522,-3.688192921050166
0.521,-3.7675301529397878
0.52,-3.7371760823616462
0.519,-3.6789705412775677
0.518,-3.7563697068376025
0.517,-3.6544172663344834
0.516,-3.821437330364488
0.515,-3.742916016193246
0.514,-3.68044322356196
0.513,-3.6072536997357463
0.512,-3.506921099443508
0.511,-3.464775472665018
0.51,-3.485105517228624
0.509,-3.66645051623479
0.508,-3.3339014563391243
0.507,-3.1427630659749233
0.506,-2.9890050858661117
0.505,-2.850795588068533
0.504,-2.7343998120896678
0.503,-2.6296660300501844
0.502,-2.561436865079274
0.501,-2.4850112558528568
0.5,-2.344229502366029
0.499,-2.234595743472623
0.498,-2.3268275738147306
0.497,-2.3603854223497245
0.496,-2.5146343311107664
0.495,-2.6457517974013887
0.494,-2.5497743417063417
0.493,-2.661329963090514
0.492,-2.711150976610716
0.491,-2.717109452545614
0.49,-2.844318328883637
0.489,-3.291476573486625
0.488,-3.660522369303465
0.487,-3.8070142900447017
0.486,-3.837863397042849
0.485,-3.801733213356911
0.484,-3.735561378693723
0.483,-3.6372236936678526
0.482,-4.16675456202636
0.481,-4.491577188930511
0.48,-4.402574029443952
0.479,-4.506874180929069
0.478,-4.854036283656908
0.477,-5.022870311528801
0.476,-5.1414431220703865
0.475,-5.2196159382864185
0.474,-5.479128087490488
0.473,-5.7872291770063375
0.472,-6.01345696555513
0.471,-6.604707618526155
0.47,-6.333222861049068
0.469,-6.59862512012177
0.468,-6.730026153892624
0.467,-6.870505453461295
0.466,-6.998580211335479
0.465,-6.9115284777381225
0.464,-6.981231824701653
0.463,-7.215068726804951
0.462,-7.34274756436479
0.461,-7.328477686617828
0.46,-7.068352051507518
0.459,-6.774572640507567
0.458,-6.702249997857499
0.457,-6.871734136569568
0.456,-6.807803943216059
0.455,-6.6816315918661395
0.454,-6.634563485848419
0.453,-6.563613046300345
0.452,-6.251453458086079
0.451,-6.102243157316161
0.45,-6.243289893179057
0.449,-6.341224672033851
0.448,-6.5047136407356225
0.447,-6.547691497556022
0.446,-6.496952337310177
0.445,-6.381871285127085
0.444,-6.431493455905621
0.443,-6.312270887426501
0.442,-6.155882005306613
0.441,-6.251444171340676
0.44,-6.250630942529936
0.439,-6.4368565162487945
0.438,-6.427512469660717
0.437,-6.235675923174169
0.436,-5.863693787315268
0.435,-6.146783319575863
0.434,-6.0460433226351284
0.433,-5.93365078344546
0.432,-5.780710182612641
0.431,-5.622632439144028
0.43,-5.161946710263066
0.429,-5.186449967185135
0.428,-5.3991740166045625
0.427,-5.11842032711384
0.426,-4.922958249498068
0.425,-4.668338580268522
0.424,-4.455662343312953
0.423,-4.040588284561971
0.422,-3.7011166921059395
0.421,-3.2623306064291735
0.42,-2.7145801782144106
0.419,-1.9847903768036392
0.418,-1.636327554451289
0.417,-1.39511147828797
0.416,-0.34441764331430247
0.415,-0.19421249534492593
0.414,-0.3646194922084636
0.413,-0.001517512021283543
0.412,-0.235968950748836
0.411,-0.23121599487102842
0.41,0.1445265000868471
0.409,0.4096506782329488
0.408,0.22915142570799238
0.407,0.26727923781127694
0.406,0.20718639838028055
0.405,0.35187113420574256
0.404,0.7454424116253341
0.403,0.3887239004022403
0.402,-0.1968342059123827
0.401,-0.6061301909329146
0.4,-0.9430593796204946
0.399,-1.401513797726679
0.398,-1.7080767245219273
0.397,-1.5875843643005505
0.396,-2.2728477265819973
0.395,-2.0868025981225715
0.394,-2.2206816223773713
0.393,-2.166741437192234
0.392,-2.0781782209511737
0.391,-2.4957149556121534
0.39,-2.775344104348381
0.389,-2.9595273030121736
0.388,-3.057348707149509
0.387,-2.8010822909109567
0.386,-3.800892368927509
0.385,-3.6554952812986232
0.384,-3.45008263497977
0.383,-3.5180081431999626
0.382,-3.717554502480107
0.381,-3.720385846072935
0.38,-3.8601221468724676
0.379,-4.047000942223301
0.378,-4.386560223704878
0.377,-4.5971132648581765
0.376,-4.956612346276752
0.375,-5.138961235607394
0.374,-5.305662863986779
0.373,-5.510587106744887
0.372,-5.145943971098414
0.371,-5.115132242191939
0.37,-5.245360595181227
0.369,-5.324646350913906
0.368,-5.642402213507767
0.367,-5.629326462063683
0.366,-5.640871141401358
0.365,-5.761826278397009
0.364,-5.650291350681426
0.363,-5.88681523344987
0.362,-5.895588570341667
0.361,-5.4042791723589865
0.36,-4.953056944863809
0.359,-5.2303129043872545
0.358,-5.205791534827673
0.357,-5.521757688645469
0.356,-5.462884877306383
0.355,-5.708470580218968
0.354,-5.403828580810927
0.353,-5.186411099383721
0.352,-5.300403025765322
0.351,-5.467322361704534
0.35,-5.281250839232076
0.349,-5.1167728851777365
0.348,-5.316823043759401
0.347,-5.3686764249866945
0.346,-5.351520198493637
0.345,-5.209322480143979
0.344,-4.902086321341696
0.343,-4.743430217768957
0.342,-4.907494389583909
0.341,-4.648023198887679
0.34,-3.9504187080748894
0.339,-3.614904474564134
0.338,-3.070029920492068
0.337,-2.905119347780097
0.336,-2.131486260133087
0.335,-1.7229855462614658
0.334,-1.0949522647392242
0.333,-0.7973798043881705
0.332,-0.3026738572839757
0.331,-0.16531364392738493
0.33,-0.22262434509633797
0.329,-0.20618264938200603
0.328,-0.37864835321824136
0.327,-0.5865487757124953
0.326,-0.5669273626145654
0.325,-0.7885098773369767
0.324,-0.9332171417165078
0.323,-1.1101328504010781
0.322,-1.189593753720915
0.321,-1.3748756949628964
0.32,-1.6068224651529799
0.319,-1.917938001779097
0.318,-2.2267618517648047
0.317,-2.151414078483584
0.316,-2.1175352816194275
0.315,-2.111569062748806
0.314,-1.8815818721101074
0.313,-1.796542655782855
0.312,-2.0547373630580754
0.311,-2.1562210776550423
0.31,-2.306253183113591
0.309,-2.398788360171826
0.308,-2.6308678570057213
0.307,-2.9696795410932726
0.306,-2.95503691650747
0.305,-3.068281473030807
0.304,-3.0895501635768974
0.303,-3.248733555903411
0.302,-3.444189575164002
0.301,-3.583158808281837
0.3,-3.754543877001041
0.299,-3.675494701332895
0.298,-3.682323381749224
0.297,-3.83743807965104
0.296,-3.7666282830184747
0.295,-4.071651329537205
0.294,-4.152342024957335
0.293,-4.16120161446933
0.292,-3.671127854123054
0.291,-3.4126720973715
0.29,-3.2981218938393138
0.289,-3.1199455380869208
0.288,-3.173898264109159
0.287,-2.9064101955304222
0.286,-2.8503515822493193
0.285,-2.924201400218485
0.284,-3.1015893238157637
0.283,-3.4459177010553548
0.282,-3.85767884890929
0.281,-4.2158969075037165
0.28,-4.253054500651665
0.279,-4.4670655101012855
0.278,-4.574805867424852
0.277,-4.749303854318053
0.276,-5.067019536347695
0.275,-5.087023257632085
0.274,-5.347158225110539
0.273,-5.576136993624013
0.272,-5.158449705142891
0.271,-5.26672699797807
0.27,-5.503662714141182
0.269,-5.747949477683921
0.268,-5.452586936459862
0.267,-5.246773227392523
0.266,-5.035274427059416
0.265,-4.9633190939155565
0.264,-5.024938442435732
0.263,-4.74734136406337
0.262,-5.089391552303492
0.261,-4.761717080046549
0.26,-4.703107955269522
0.259,-4.575177512896636
0.258,-4.5766926751087365
0.257,-4.545176293594249
0.256,-4.5793561609120195
0.255,-4.5945534836586415
0.254,-4.724731050732958
0.253,-4.596069016830909
0.252,-4.3727055097638035
0.251,-4.5728424099561185
0.25,-4.277633508035262
0.249,-4.160316981278507
0.248,-3.8818010433845527
0.247,-3.52152239165726
0.246,-3.02387851468766
0.245,-2.3991219117652984
0.244,-2.472977923560221
0.243,-2.246838097890679
0.242,-1.8694909070118337
0.241,-1.4170947486276526
0.24,-1.3111506360010923
0.239,-1.401599776327995
0.238,-1.659484627585433
0.237,-1.8814172394558133
0.236,-2.2553992309217725
0.235,-2.51559231478074
0.234,-2.6591189074049533
0.233,-2.7433198487855033
0.232,-2.776848439574515
0.231,-3.057131194204273
0.23,-3.2521751147006217
0.229,-3.314778468823863
0.228,-3.366882764592384
0.227,-3.3485449461515135
0.226,-3.4534845958956235
0.225,-3.409011721243554
0.224,-3.4006518139827944
0.223,-3.4588064284413775
0.222,-3.3635735713647295
0.221,-3.0592713184769833
0.22,-2.891408868685873
0.219,-2.5457102312273685
0.218,-1.9289968982088461
0.217,-1.5688034545267473
0.216,-1.2799441866517298
0.215,-1.2896722547657737
0.214,-1.2140690836082113
0.213,-1.0569088746102386
0.212,-1.153290404943388
0.211,-1.2119403171232803
0.21,-1.2991095413643423
0.209,-1.2748717513279983
0.208,-1.3186582152302753
0.207,-1.490303929589386
0.206,-1.573953584418336
0.205,-1.578192493481539
0.204,-1.4945517245964153
0.203,-1.4112246555036196
0.202,-1.5451589321210837
0.201,-1.7219826126348936
0.2,-1.8511495926804542
0.199,-1.899905529886708
0.198,-2.0377307176615562
0.197,-2.415455976993487
0.196,-2.61649880197495
0.195,-2.763906626884384
0.194,-2.8102008424106493
0.193,-2.8557895208226594
0.192,-2.617224159257637
0.191,-3.0532337710968043
0.19,-3.3479341209500193
0.189,-3.38767084280986
0.188,-3.4663222260064424
0.187,-3.714236529564039
0.186,-3.8357945294141103
0.185,-3.88066915462811
0.184,-4.036557375947247
0.183,-4.2795101546331304
0.182,-4.464716042999162
0.181,-4.218566266819551
0.18,-3.9446328444918657
0.179,-3.9864296924063307
0.178,-4.345472210218729
0.177,-4.224757939259911
0.176,-4.152793078665289
0.175,-4.499045118041564
0.174,-4.420359799285857
0.173,-4.310766220051825
0.172,-4.424808135961958
0.171,-4.16453718486069
0.17,-4.30074424569687
0.169,-4.4262738112370545
0.168,-5.174722136204015
0.167,-4.955449429430847
0.166,-4.704333102377601
0.165,-4.597973896833079
0.164,-4.601169054374895
0.163,-4.790602358462599
0.162,-4.840444635917067
0.161,-4.447000770693041
0.16,-4.848288128052348
0.159,-5.429363444220779
0.158,-5.657654094663955
0.157,-5.786267075796533
0.156,-5.415173472302397
0.155,-5.447058387976746
0.154,-5.215751226442954
0.153,-4.641400607985239
0.152,-4.40574458943883
0.151,-4.552285121408428
0.15,-4.697530582275854
0.149,-4.50945898582512
0.148,-4.559676065291554
0.147,-4.494068716585449
0.146,-4.325653730158841
0.145,-4.514383517806923
0.144,-4.729224000279858
0.143,-4.471177383417585
0.142,-4.4664006896200625
0.141,-4.325496445013407
0.14,-4.324456862081685
0.139,-4.384387317432515
0.138,-4.15722999036511
0.137,-3.9525619387932167
0.136,-3.707281209080096
0.135,-3.61594550528822
0.134,-3.260189839549039
0.133,-2.8780584037021804
0.132,-2.349010704169035
0.131,-1.9635451991911956
0.13,-1.5107442888637022
0.129,-0.8581656756608339
0.128,-0.05363296503664068
0.127,0.5894660555018261
0.126,0.9243233985783132
0.125,1.410315200748256
0.124,1.5556039567590794
0.123,1.5618946716836872
0.122,1.3697666879513761
0.121,1.1024572225942995
0.12,1.0006287814474035
0.119,0.6346397532239918
0.118,0.27252411567904283
0.117,-0.08545817314985583
0.116,-0.4758831066490298
0.115,-0.740194922006468
0.114,-1.0336954604178816
0.113,-1.3082087443610562
0.112,-1.5331457673205389
0.111,-1.840719209204944
0.11,-1.9149642414969137
0.109,-1.7632550763319894
0.108,-1.9143160606253122
0.107,-1.784664069660447
0.106,-1.4080528087057256
0.105,-1.1250790370452126
0.104,-0.9210017067963733
0.103,-1.0249351284985315
0.102,-1.1050534962504541
0.101,-1.1238193812619037
0.1,-1.0064952582724704
0.099,-1.289642084909205
0.098,-1.2414472377782386
0.097,-1.3401179785124222
0.096,-1.4729273375009164
0.095,-1.7396014065183056
0.094,-1.870711464796539
0.093,-1.9517801436340478
0.092,-2.0540374319480685
0.091,-2.2237780664877103
0.09,-2.298507033600751
0.089,-2.5188944243969784
0.088,-2.616441891448339
0.087,-2.6817522264270526
0.086,-2.4403936484403315
0.085,-2.4233396982147757
0.084,-2.222088598738088
0.083,-2.05768635475328
0.082,-2.053078853694684
0.081,-2.082895085621158
0.08,-2.2135005429764822
0.079,-2.6618628475116624
0.078,-3.0248141099527373
0.077,-3.0868177822152623
0.076,-3.026010772133723
0.075,-3.147035371149341
0.074,-3.5149990142858525
0.073,-3.748241576985486
0.072,-4.272857226191936
0.071,-4.442625640299899
0.07,-4.723915787402014
0.069,-5.000206568142252
0.068,-5.169143363035711
0.067,-5.399133205543101
0.066,-5.682937050593908
0.065,-5.602474164963998
0.064,-5.6667532104486416
0.063,-5.931014543215535
0.062,-5.690595439029336
0.061,-5.5254358664348135
0.06,-5.606882611691688
0.059,-5.360411828669116
0.058,-5.2745062035904375
0.057,-4.968851200587998
0.056,-4.8672051117807555
0.055,-4.892100623809115
0.054,-4.920894099387803
0.053,-5.09489237120668
0.052,-4.936324188332508
0.051,-4.844850985735133
0.05,-5.077281268146565
0.049,-5.149749306406949
0.048,-5.533098087553116
0.047,-5.69667052283462
0.046,-5.661938578251038
0.045,-5.357529374251771
0.044,-5.44943011038298
0.043,-5.364258921591792
0.042,-5.674307585207786
0.041,-5.779494697617907
0.04,-5.808255869773135
0.039,-6.043178673639808
0.038,-5.842701378308351
0.037,-5.953160700662641
0.036,-5.7595371366479595
0.035,-5.486874457418304
0.034,-5.638228487494073
0.033,-5.599176226827805
0.032,-5.494729130835286
0.031,-5.90158820525509
0.03,-5.913676965360689
0.029,-5.651247358248765
0.028,-5.881972410121927
0.027,-6.234655753961739
0.026,-6.1892400126764056
0.025,-5.996774819050057
0.024,-5.98273224467873
0.023,-6.047454375312952
0.022,-5.818514307403047
0.021,-5.740395459190684
0.02,-5.909447084637299
0.019,-5.946963627775538
0.018,-5.510004313568441
0.017,-5.306183875349393
0.016,-4.9886518759183005
0.015,-4.386605452087092
0.014,-3.630186994193546
0.013,-3.1504311045070486
0.012,-2.354439285477755
0.011,-1.5163445355345933
0.01,-1.1376295949554018
0.009,-0.5483278407711114
0.008,-0.34956527603201987
0.007,-0.23140208860247338
0.006,-0.40059220953968233
0.005,-0.30408094482108233
0.004,-0.32514260205386314
0.003,-0.15222664651966863
0.002,-0.24956309597673795
0.001,-0.47517272869779115
0.0,-0.04748092209574798
